,place,Price2018-Q1,Price2017-Q4,principal2018-Q1,pmt2018-Q1,t_i2018-Q1,pti2018-Q1,min_inc2018-Q1,HAI2018-Q1,principal2017-Q4,pmt2017-Q4,t_i2017-Q4,pti2017-Q4,min_inc2017-Q4,HAI2017-Q4,Price2017-Q1,principal2017-Q1,pmt2017-Q1,t_i2017-Q1,pti2017-Q1,min_inc2017-Q1,HAI2017-Q1
1,Acton,610000,580000,488000,2455.257288,701.5,3156.757288,126270.2915,19.26197153,464000,2334.50693,667,3001.50693,120060.2772,19.23050813,474500,379600,1909.868169,545.675,2455.543169,98221.72677,41.72981897
2,Agoura Hills,1099000,1007500,879200,4423.488131,1263.85,5687.338131,227493.5252,17.68248788,806000,4055.199537,1158.625,5213.824537,208552.9815,16.26308041,917500,734000,3692.948462,1055.125,4748.073462,189922.9385,18.07465351
3,Agua Dulce,635000,617500,508000,2555.882587,730.25,3286.132587,131445.3035,21.50372949,494000,2485.444878,710.125,3195.569878,127822.7951,13.58234117,620000,496000,2495.507408,713,3208.507408,128340.2963,13.32328185
4,Ahwahnee,490000,292405,392000,1972.255854,563.5,2535.755854,101430.2342,12.16844386,233924,1176.933619,336.26575,1513.199369,60527.97474,45.32786057,399000,319200,1605.979767,458.85,2064.829767,82593.19069,25.07501179
5,Alameda,965000,1004250,772000,3884.13653,1109.75,4993.88653,199755.4612,12.20817751,803400,4042.118249,1154.8875,5197.005749,207880.2299,9.151332027,980000,784000,3944.511709,1127,5071.511709,202860.4684,9.018766483
6,Alamo,1785000,1688000,1428000,7184.646327,2052.75,9237.396327,369495.8531,15.51266873,1350400,6794.220168,1941.2,8735.420168,349416.8067,15.16225114,1630000,1304000,6560.769475,1874.5,8435.269475,337410.779,16.08399186
7,Albany,1080000,1220000,864000,4347.012904,1242,5589.012904,223560.5161,11.81373988,976000,4910.514576,1403,6313.514576,252540.5831,7.487557721,975000,780000,3924.386649,1121.25,5045.636649,201825.466,9.969889576
8,Albion,479000,453200,383200,1927.980723,550.85,2478.830723,99153.22892,21.78423542,362560,1824.135415,521.18,2345.315415,93812.61659,14.46096079,450000,360000,1811.255377,517.5,2328.755377,93150.21506,14.35987969
9,Alhambra,760000,708000,608000,3059.00908,874,3933.00908,157320.3632,6.324700777,566400,2849.708459,814.2,3663.908459,146556.3384,5.682949792,640000,512000,2576.007647,736,3312.007647,132480.3059,6.823946097
10,Altadena,862500,777000,690000,3471.572805,991.875,4463.447805,178537.9122,15.99342532,621600,3127.434283,893.55,4020.984283,160839.3713,16.0948539,806250,645000,3245.165883,927.1875,4172.353383,166894.1353,15.08306778
11,Antioch,431500,430000,345200,1736.792655,496.225,2233.017655,89320.70622,33.01967287,344000,1730.755138,494.5,2225.255138,89010.2055,32.91383515,4.00E+05,320000,1610.004779,460,2070.004779,82800.19117,33.74168555
12,Arcadia,1490000,1360000,1192000,5997.267802,1713.5,7710.767802,308430.7121,6.348211005,1088000,5474.016249,1564,7038.016249,281520.65,6.28595293,1468800,1175040,5911.937549,1689.12,7601.057549,304042.302,5.471555672
13,Arcata,317000,332500,253600,1275.928787,364.55,1640.478787,65619.1515,30.40858746,266000,1338.316473,382.375,1720.691473,68827.65891,29.50933796,360000,288000,1449.004301,414,1863.004301,74520.17205,28.85497753
14,Arnold,292060,285000,233648,1175.544989,335.869,1511.413989,60456.55958,46.37968684,228000,1147.128405,327.75,1474.878405,58995.13621,51.99154735,290000,232000,1167.253465,333.5,1500.753465,60030.1386,51.57221801
15,Artesia,518000,549000,414400,2084.956189,595.7,2680.656189,107226.2476,14.84810835,439200,2209.731559,631.35,2841.081559,113643.2624,12.13026875,499000,399200,2008.480962,573.85,2582.330962,103293.2385,14.01344182
16,Atwater,245000,239950,196000,986.1279272,281.75,1267.877927,50715.11709,41.34650066,191960,965.8016169,275.9425,1241.744117,49669.76468,59.90558827,238000,190400,957.9528436,273.7,1231.652844,49266.11374,59.31818587
17,Auberry,235000,205000,188000,945.8778077,270.25,1216.127808,48645.11231,59.91760048,164000,825.1274493,235.75,1060.877449,42435.09797,62.08293957,305000,244000,1227.628644,350.75,1578.378644,63135.14576,44.75302396
18,Avery,345000,212750,276000,1388.629122,396.75,1785.379122,71415.16488,47.84014291,170200,856.3212919,244.6625,1100.983792,44039.35168,64.60119244,243750,195000,981.0966623,280.3125,1261.409162,50456.36649,48.33727341
19,Azusa,458900,471250,367120,1847.077983,527.735,2374.812983,94992.51931,28.95325405,377000,1896.78688,541.9375,2438.72438,97548.97522,26.36418403,434000,347200,1746.855185,499.1,2245.955185,89838.20741,27.2632171
20,Baldwin Park,470000,434125,376000,1891.755615,540.5,2432.255615,97290.22462,24.32128483,347300,1747.358312,499.24375,2246.602062,89864.08247,23.68587611,385000,308000,1549.6296,442.75,1992.3796,79695.184,24.70753682
21,Bass Lake,662500,425000,530000,2666.570415,761.875,3428.445415,137137.8166,7.654511891,340000,1710.630078,488.75,2199.380078,87975.20311,15.50901172,525000,420000,2113.131273,603.75,2716.881273,108675.2509,6.59395901
22,Bay Point,425000,405000,340000,1710.630078,488.75,2199.380078,87975.20311,25.64720354,324000,1630.129839,465.75,2095.879839,83835.19356,23.42701931,342500,274000,1378.566592,393.875,1772.441592,70897.66369,41.9219292
23,Bear Valley,569337.5,488250,455470,2291.59024,654.738125,2946.328365,117853.1346,7.544238895,390600,1965.212084,561.4875,2526.699584,101067.9833,10.42649185,314350,251480,1265.262506,361.5025,1626.765006,65070.60023,43.7812248
24,Bell,471500,422000,377200,1897.793133,542.225,2440.018133,97600.72534,13.90533277,337600,1698.555042,485.3,2183.855042,87354.20168,12.0608361,367500,294000,1479.191891,422.625,1901.816891,76072.67563,12.47750244
25,Bell Gardens,4.00E+05,415000,320000,1610.004779,460,2070.004779,82800.19117,16.81334213,332000,1670.379958,477.25,2147.629958,85905.19833,14.24655275,420500,336400,1692.517524,483.575,2176.092524,87043.70096,13.98659627
26,Bellflower,495000,5.00E+05,396000,1992.380914,569.25,2561.630914,102465.2366,9.740808887,4.00E+05,2012.505974,575,2587.505974,103500.239,8.215850926,485000,388000,1952.130795,557.75,2509.880795,100395.2318,8.37623759
27,Belvedere,2310000,2775000,1848000,9297.7776,2656.5,11954.2776,478171.104,2.725327599,2220000,11169.40816,3191.25,14360.65816,574426.3262,0,3450000,2760000,13886.29122,3967.5,17853.79122,714151.6488,0
28,Berkeley,1234033.5,1205000,987226.8,4966.999582,1419.138525,6386.138107,255445.5243,8.81332338,964000,4850.139397,1385.75,6235.889397,249435.5759,7.867961152,1100000,880000,4427.513143,1265,5692.513143,227700.5257,8.762095187
29,Berry Creek,189000,197800,151200,760.7272581,217.35,978.0772581,39123.09033,59.36693339,158240,796.1473633,227.47,1023.617363,40944.69453,55.72121545,170000,136000,684.2520311,195.5,879.7520311,35190.08125,55.88244908
30,Bethel Island,370000,425500,296000,1489.254421,425.5,1914.754421,76590.17683,19.07986634,340400,1712.642584,489.325,2201.967584,88078.70335,17.77637773,289950,231960,1167.052214,333.4425,1500.494714,60019.78857,35.50425661
31,Beverly Hills,3350000,7588000,2680000,13483.79003,3852.5,17336.29003,693451.601,0,6070400,30541.79066,8726.2,39267.99066,1570719.626,0,2100000,1680000,8452.52509,2415,10867.52509,434701.0036,3.582270977
32,Blue Lake,455000,8.00E+05,364000,1831.380436,523.25,2354.630436,94185.21745,21.86601783,640000,3220.009558,920,4140.009558,165600.3823,2.835647264,290000,232000,1167.253465,333.5,1500.753465,60030.1386,38.50476562
33,Bolinas,1998500,1815000,1598800,8043.986378,2298.275,10342.26138,413690.4551,3.237183552,1452000,7305.396685,2087.25,9392.646685,375705.8674,6.039542979,5145000,4116000,20708.68647,5916.75,26625.43647,1065017.459,0
34,Brentwood,615000,590000,492000,2475.382348,707.25,3182.632348,127305.2939,19.83350081,472000,2374.757049,678.5,3053.257049,122130.282,17.38453453,556500,445200,2239.919149,639.975,2879.894149,115195.766,18.9982678
35,Burbank,850000,840000,680000,3421.260156,977.5,4398.760156,175950.4062,8.146539109,672000,3381.010036,966,4347.010036,173880.4014,6.963562123,750000,6.00E+05,3018.758961,862.5,3881.258961,155250.3584,8.157963079
36,Calabasas,1414500,1300000,1131600,5693.3794,1626.675,7320.0544,292802.176,14.93197077,1040000,5232.515532,1495,6727.515532,269100.6213,15.49471296,1645000,1316000,6621.144654,1891.75,8512.894654,340515.7862,10.60978278
37,Cameron Park,483000,449000,386400,1944.080771,555.45,2499.530771,99981.23083,38.37447116,359200,1807.230365,516.35,2323.580365,92943.21458,38.18845021,427500,342000,1720.692608,491.625,2212.317608,88492.70431,38.69628646
38,Camino,395000,425000,316000,1589.879719,454.25,2044.129719,81765.18878,37.48763401,340000,1710.630078,488.75,2199.380078,87975.20311,32.52551455,340000,272000,1368.504062,391,1759.504062,70380.16249,53.48328068
39,Carson,537500,525000,430000,2163.443922,618.125,2781.568922,111262.7569,14.8610119,420000,2113.131273,603.75,2716.881273,108675.2509,14.0083088,456000,364800,1835.405448,524.4,2359.805448,94392.21793,31.81296619
40,Caruthers,215000,216000,172000,865.3775688,247.25,1112.627569,44505.10275,60.21010439,172800,869.4025807,248.4,1117.802581,44712.10323,59.53093139,230947.5,184758,929.5664468,265.589625,1195.156072,47806.24287,59.16896459
41,Castaic,544000,524000,435200,2189.6065,625.6,2815.2065,112608.26,25.35564636,419200,2109.106261,602.6,2711.706261,108468.2504,25.35470345,545000,436000,2193.631512,626.75,2820.381512,112815.2605,23.46971686
42,Castro Valley,830000,835000,664000,3340.759917,954.5,4295.259917,171810.3967,14.96366888,668000,3360.884976,960.25,4321.134976,172845.3991,12.88804302,787500,630000,3169.696909,905.625,4075.321909,163012.8764,13.52972221
43,Catheys Valley,450000,362500,360000,1811.255377,517.5,2328.755377,93150.21506,22.78962514,290000,1459.066831,416.875,1875.941831,75037.67324,26.23092839,385000,308000,1549.6296,442.75,1992.3796,79695.184,25.45396925
44,Cerritos,695000,750000,556000,2797.383304,799.25,3596.633304,143865.3322,17.32506824,6.00E+05,3018.758961,862.5,3881.258961,155250.3584,14.82369804,705000,564000,2837.633423,810.75,3648.383423,145935.3369,15.80101058
45,Chico,348250,338000,278600,1401.710411,400.4875,1802.197911,72087.91643,40.79479161,270400,1360.454038,388.7,1749.154038,69966.16153,39.18136765,315000,252000,1267.878764,362.25,1630.128764,65205.15054,39.47516527
46,Chowchilla,249900,221000,199920,1005.850486,287.385,1293.235486,51729.41943,35.63166453,176800,889.5276405,254.15,1143.67764,45747.10562,50.8969742,225000,180000,905.6276883,258.75,1164.377688,46575.10753,50.5842925
47,Claremont,690177.5,675500,552142,2777.972684,793.704125,3571.676809,142867.0723,19.53985153,540400,2718.895571,776.825,3495.720571,139828.8228,17.93311861,640500,512400,2578.020153,736.575,3314.595153,132583.8061,18.77999887
48,Clayton,830000,821750,664000,3340.759917,954.5,4295.259917,171810.3967,24.09638797,657400,3307.553568,945.0125,4252.566068,170102.6427,21.97233211,816000,652800,3284.409749,938.4,4222.809749,168912.39,21.44661106
49,Clovis,320000,326900,256000,1288.003823,368,1656.003823,66240.15293,55.30691967,261520,1315.776406,375.935,1691.711406,67668.45623,52.06812518,3.00E+05,240000,1207.503584,345,1552.503584,62100.14337,52.83046646
50,Coalinga,165000,159450,132000,664.1269714,189.75,853.8769714,34155.07886,72.92372374,127560,641.7881551,183.3675,825.1556551,33006.2262,73.35856362,170000,136000,684.2520311,195.5,879.7520311,35190.08125,62.06150766
51,Coarsegold,275000,272500,220000,1106.878286,316.25,1423.128286,56925.13143,47.17243849,218000,1096.815756,313.375,1410.190756,56407.63023,38.36810406,244000,195200,982.1029153,280.6,1262.702915,50508.11661,38.92501208
52,Commerce,323000,413000,258400,1300.078859,371.45,1671.528859,66861.15437,41.70255304,330400,1662.329934,474.95,2137.279934,85491.19738,17.51909909,407000,325600,1638.179863,468.05,2106.229863,84249.19451,17.46972793
53,Compton,390000,360000,312000,1569.75466,448.5,2018.25466,80730.18639,21.0805342,288000,1449.004301,414,1863.004301,74520.17205,39.74648195,340500,272400,1370.516568,391.575,1762.091568,70483.66273,39.82386141
54,Concord,625000,599000,5.00E+05,2515.632467,718.75,3234.382467,129375.2987,13.84467402,479200,2410.982157,688.85,3099.832157,123993.2863,12.66136501,571500,457200,2300.294328,657.225,2957.519328,118300.7731,13.53897033
55,Copperopolis,288465,329750,230772,1161.075072,331.73475,1492.809822,59712.39286,52.06479884,263800,1327.24769,379.2125,1706.46019,68258.40759,50.16904139,277000,221600,1114.92831,318.55,1433.47831,57339.13238,52.06432818
56,Corte Madera,1265000,1482500,1012000,5091.640114,1454.75,6546.390114,261855.6046,20.90594548,1186000,5967.080213,1704.875,7671.955213,306878.2085,15.5475939,1206000,964800,4854.164409,1386.9,6241.064409,249642.5764,19.81562729
57,Covina,540000,525000,432000,2173.506452,621,2794.506452,111780.2581,13.05414684,420000,2113.131273,603.75,2716.881273,108675.2509,12.13527591,490000,392000,1972.255854,563.5,2535.755854,101430.2342,13.27353504
58,Crescent City,2.00E+05,219500,160000,805.0023896,230,1035.00239,41400.09558,51.38375103,175600,883.4901226,252.425,1135.915123,45436.6049,50.53848326,209000,167200,841.2274971,240.35,1081.577497,43263.09988,50.49399218
59,Crockett,437500,476450,350000,1760.942727,503.125,2264.067727,90562.70909,35.3064302,381160,1917.716943,547.9175,2465.634443,98625.3777,35.34723118,446000,356800,1795.155329,512.9,2308.055329,92322.21315,36.40114684
60,Culver City,1389500,1177000,1111600,5592.754102,1597.925,7190.679102,287627.1641,5.821690213,941600,4737.439063,1353.55,6090.989063,243639.5625,6.352509487,1037000,829600,4173.93739,1192.55,5366.48739,214659.4956,7.522079579
61,Cutten,315000,335000,252000,1267.878764,362.25,1630.128764,65205.15054,48.00062265,268000,1348.379003,385.25,1733.629003,69345.1601,48.01981766,292500,234000,1177.315995,336.375,1513.690995,60547.63979,49.24008499
62,Danville,1349800,1316250,1079840,5432.961127,1552.27,6985.231127,279409.2451,19.39748073,1053000,5297.921976,1513.6875,6811.609476,272464.3791,17.0284725,1267500,1014000,5101.702644,1457.625,6559.327644,262373.1058,17.33104413
63,Delhi,285000,317000,228000,1147.128405,327.75,1474.878405,58995.13621,47.11652873,253600,1275.928787,364.55,1640.478787,65619.1515,42.38837284,220500,176400,887.5151345,253.575,1141.090134,45643.60538,61.2401228
64,Diablo,3562500,1950000,2850000,14339.10506,4096.875,18435.98006,737439.2026,0,1560000,7848.773298,2242.5,10091.2733,403650.9319,8.741181863,3693750,2955000,14867.38788,4247.8125,19115.20038,764608.0153,0
65,Diamond Bar,731950,745000,585560,2946.107495,841.7425,3787.849995,151513.9998,14.6233193,596000,2998.633901,856.75,3855.383901,154215.356,12.513211,725000,580000,2918.133662,833.75,3751.883662,150075.3465,12.66719533
66,Diamond Springs,347000,305000,277600,1396.679146,399.05,1795.729146,71829.16584,49.03185443,244000,1227.628644,350.75,1578.378644,63135.14576,47.93428616,4.00E+05,320000,1610.004779,460,2070.004779,82800.19117,27.27307359
67,Dillon Beach,1150000,849000,920000,4628.76374,1322.5,5951.26374,238050.5496,5.906353681,679200,3417.235144,976.35,4393.585144,175743.4057,6.779358536,1030000,824000,4145.762306,1184.5,5330.262306,213210.4923,3.946673133
68,Discovery Bay,545000,582000,436000,2193.631512,626.75,2820.381512,112815.2605,26.92499742,465600,2342.556954,669.3,3011.856954,120474.2781,25.87060943,563750,451000,2269.100486,648.3125,2917.412986,116696.5194,26.37573291
69,Dorrington,273750,318500,219000,1101.847021,314.8125,1416.659521,56666.38083,26.34759418,254800,1281.966305,366.275,1648.241305,65929.65222,34.42088721,273000,218400,1098.828262,313.95,1412.778262,56511.13047,36.08289037
70,Dos Palos,230860,152000,184688,929.2142583,265.489,1194.703258,47788.13033,52.49343878,121600,611.8018161,174.8,786.6018161,31464.07264,71.03975946,239550,191640,964.1916121,275.4825,1239.674112,49586.96448,51.49552496
71,Downey,580000,560000,464000,2334.50693,667,3001.50693,120060.2772,10.55625552,448000,2254.006691,644,2898.006691,115920.2676,9.791104176,525000,420000,2113.131273,603.75,2716.881273,108675.2509,10.72330457
72,Duarte,557000,495000,445600,2241.931655,640.55,2882.481655,115299.2662,14.14292521,396000,1992.380914,569.25,2561.630914,102465.2366,15.31412676,475000,380000,1911.880675,546.25,2458.130675,98325.22701,28.09834524
73,Dublin,1099500,955000,879600,4425.500637,1264.425,5689.925637,227597.0255,14.61489658,764000,3843.88641,1098.25,4942.13641,197685.4564,13.82943455,1093500,874800,4401.350565,1257.525,5658.875565,226355.0226,10.86628384
74,East Los Angeles,420000,410000,336000,1690.505018,483,2173.505018,86940.20072,17.6929972,328000,1650.254899,471.5,2121.754899,84870.19594,16.31570066,390000,312000,1569.75466,448.5,2018.25466,80730.18639,16.29686503
75,El Cerrito,931500,882000,745200,3749.298629,1071.225,4820.523629,192820.9452,11.62352951,705600,3550.060538,1014.3,4564.360538,182574.4215,11.46609309,9.00E+05,720000,3622.510753,1035,4657.510753,186300.4301,10.65071896
76,El Dorado Hills,620000,602500,496000,2495.507408,713,3208.507408,128340.2963,33.87868062,482000,2425.069699,692.875,3117.944699,124717.7879,32.62459739,580000,464000,2334.50693,667,3001.50693,120060.2772,33.35981278
77,El Monte,537000,520000,429600,2161.431416,617.55,2778.981416,111159.2566,5.776597114,416000,2093.006213,598,2691.006213,107640.2485,5.119655598,497250,397800,2001.437191,571.8375,2573.274691,102930.9876,5.427473205
78,El Segundo,1512500,1379000,1210000,6087.830571,1739.375,7827.205571,313088.2228,6.056466471,1103200,5550.491476,1585.85,7136.341476,285453.659,5.67494136,1382250,1105800,5563.572765,1589.5875,7153.160265,286126.4106,5.523181879
79,El Sobrante,602500,577500,482000,2425.069699,692.875,3117.944699,124717.7879,14.17970117,462000,2324.4444,664.125,2988.5694,119542.776,14.69764344,475000,380000,1911.880675,546.25,2458.130675,98325.22701,34.10906316
80,Eureka,258500,282000,206800,1040.465589,297.275,1337.740589,53509.62354,33.60765851,225600,1135.053369,324.3,1459.353369,58374.13477,35.13145481,274500,219600,1104.86578,315.675,1420.54078,56821.63119,35.01458412
81,Fairfax,940000,892500,752000,3783.511231,1081,4864.511231,194580.4492,16.94026528,714000,3592.323163,1026.375,4618.698163,184747.9265,16.44260498,1003500,802800,4039.09949,1154.025,5193.12449,207724.9796,13.45401712
82,Ferndale,452500,375000,362000,1821.317906,520.375,2341.692906,93667.71626,16.52719414,3.00E+05,1509.37948,431.25,1940.62948,77625.17922,17.11985156,325204.5,260163.6,1308.951998,373.985175,1682.937173,67317.48692,38.41915668
83,Firebaugh,180500,175000,144400,726.5146566,207.575,934.0896566,37363.58626,57.20323216,140000,704.3770909,201.25,905.6270909,36225.08363,48.47744632,183000,146400,736.5771865,210.45,947.0271865,37881.08746,47.94597788
84,Folsom,550000,508000,440000,2213.756571,632.5,2846.256571,113850.2629,27.87822987,406400,2044.70607,584.2,2628.90607,105156.2428,27.97434241,488500,390800,1966.218337,561.775,2527.993337,101119.7335,28.65250522
85,Fort Bragg,390000,364250,312000,1569.75466,448.5,2018.25466,80730.18639,17.96329375,291400,1466.110602,418.8875,1884.998102,75399.92408,19.13730169,369100,295280,1485.63191,424.465,1910.09691,76403.8764,18.51410157
86,Fortuna,318000,295000,254400,1279.953799,365.7,1645.653799,65826.15198,39.39205023,236000,1187.378525,339.25,1526.628525,61065.14098,37.48005246,289257.5,231406,1164.264894,332.646125,1496.911019,59876.44074,37.30510856
87,Fowler,312500,348450,250000,1257.816234,359.375,1617.191234,64687.64935,45.47235613,278760,1402.515413,400.7175,1803.232913,72129.31653,37.90795114,285000,228000,1147.128405,327.75,1474.878405,58995.13621,39.37645275
88,Fremont,1229000,1100000,983200,4946.739684,1413.35,6360.089684,254403.5874,11.06450673,880000,4427.513143,1265,5692.513143,227700.5257,11.14088469,989500,791600,3982.749322,1137.925,5120.674322,204826.9729,12.35516799
89,Fresno,250000,250000,2.00E+05,1006.252987,287.5,1293.752987,51750.11948,42.75031971,2.00E+05,1006.252987,287.5,1293.752987,51750.11948,39.59351138,221725,177380,892.4457741,254.98375,1147.429524,45897.18097,53.88764165
90,Friant,409200,364000,327360,1647.034889,470.58,2117.614889,84704.59556,49.10406791,291200,1465.104349,418.6,1883.704349,75348.17396,45.28109307,445000,356000,1791.130317,511.75,2302.880317,92115.21267,40.94800887
91,Garberville,472500,472500,378000,1901.818145,543.375,2445.193145,97807.72581,13.77798529,378000,1901.818145,543.375,2445.193145,97807.72581,7.861370834,310000,248000,1247.753704,356.5,1604.253704,64170.14815,28.36330959
92,Gardena,547500,566500,438000,2203.694041,629.625,2833.319041,113332.7617,8.903043225,453200,2280.169268,651.475,2931.644268,117265.7707,7.330041912,482000,385600,1940.055759,554.3,2494.355759,99774.23035,21.23761611
93,Georgetown,325000,277500,260000,1308.128883,373.75,1681.878883,67275.15532,47.19492865,222000,1116.940816,319.125,1436.065816,57442.63262,48.32660092,341000,272800,1372.529074,392.15,1764.679074,70587.16297,45.72750133
94,Glendale,980000,889750,784000,3944.511709,1127,5071.511709,202860.4684,6.365266232,711800,3581.254381,1023.2125,4604.466881,184178.6752,6.166869423,892500,714000,3592.323163,1026.375,4618.698163,184747.9265,5.954159437
95,Glendora,637000,582500,509600,2563.932611,732.55,3296.482611,131859.3044,15.60734898,466000,2344.56946,669.875,3014.44446,120577.7784,15.20656043,552900,442320,2225.429106,635.835,2861.264106,114450.5642,16.2653138
96,Green Valley,75000,310000,60000,301.8758961,86.25,388.1258961,15525.03584,90.93395498,248000,1247.753704,356.5,1604.253704,64170.14815,61.87150173,325000,260000,1308.128883,373.75,1681.878883,67275.15532,60.9438777
97,Gridley,235000,275000,188000,945.8778077,270.25,1216.127808,48645.11231,56.72005744,220000,1106.878286,316.25,1423.128286,56925.13143,40.8894872,185000,148000,744.6272104,212.75,957.3772104,38295.08841,58.14720365
98,Grizzly Flats,220000,258700,176000,885.5026285,253,1138.502629,45540.10514,68.57236897,206960,1041.270591,297.505,1338.775591,53551.02364,54.43346671,185000,148000,744.6272104,212.75,957.3772104,38295.08841,67.73007598
99,Hacienda Heights,690000,640000,552000,2777.258244,793.5,3570.758244,142830.3298,12.49167739,512000,2576.007647,736,3312.007647,132480.3059,12.94405631,637500,510000,2565.945117,733.125,3299.070117,131962.8047,12.66225472
100,Hamilton City,140000,283000,112000,563.5016727,161,724.5016727,28980.06691,75.49396046,226400,1139.078381,325.45,1464.528381,58581.13525,31.35917715,212000,169600,853.3025329,243.8,1097.102533,43884.10132,45.79316772
101,Hawaiian Gardens,272499.5,438500,217999.6,1096.813743,313.374425,1410.188168,56407.52673,35.10501513,350800,1764.967739,504.275,2269.242739,90769.70957,13.51258951,290000,232000,1167.253465,333.5,1500.753465,60030.1386,31.23233413
102,Hawthorne,612000,585000,489600,2463.307312,703.8,3167.107312,126684.2925,6.021561841,468000,2354.631989,672.75,3027.381989,121095.2796,5.641313364,588250,470600,2367.713278,676.4875,3044.200778,121768.0311,5.37581708
103,Hayward,705000,653000,564000,2837.633423,810.75,3648.383423,145935.3369,10.85172518,522400,2628.332802,750.95,3379.282802,135171.3121,10.86061275,585000,468000,2354.631989,672.75,3027.381989,121095.2796,12.48388304
104,Hercules,620000,630000,496000,2495.507408,713,3208.507408,128340.2963,21.40595791,504000,2535.757527,724.5,3260.257527,130410.3011,20.44941808,575000,460000,2314.38187,661.25,2975.63187,119025.2748,22.9154431
105,Hermosa Beach,1640000,1625000,1312000,6601.019594,1886,8487.019594,339480.7838,9.441091635,1300000,6540.644415,1868.75,8409.394415,336375.7766,8.326031945,1537500,1230000,6188.45587,1768.125,7956.58087,318263.2348,8.994807719
106,Hidden Hills,3125000,2650000,2500000,12578.16234,3593.75,16171.91234,646876.4935,0,2120000,10666.28166,3047.5,13713.78166,548551.2665,0,3200000,2560000,12880.03823,3680,16560.03823,662401.5293,0
107,Hopland,389000,1.00E+06,311200,1565.729648,447.35,2013.079648,80523.18591,23.73332132,8.00E+05,4025.011948,1150,5175.011948,207000.4779,2.587544623,705000,564000,2837.633423,810.75,3648.383423,145935.3369,4.35251355
108,Humboldt Hill,327450,287500,261960,1317.990162,376.5675,1694.557662,67782.30649,48.84377675,230000,1157.190935,330.625,1487.815935,59512.6374,47.2075403,277400,221920,1116.538314,319.01,1435.548314,57421.93257,46.57570117
109,Huntington Park,430000,471200,344000,1730.755138,494.5,2225.255138,89010.2055,14.08571517,376960,1896.58563,541.88,2438.46563,97538.62519,12.23286631,445000,356000,1791.130317,511.75,2302.880317,92115.21267,12.36657873
110,Hydesville,325000,464000,260000,1308.128883,373.75,1681.878883,67275.15532,48.63292427,371200,1867.605544,533.6,2401.205544,96048.22175,21.80706517,485000,388000,1952.130795,557.75,2509.880795,100395.2318,9.451916224
111,Inglewood,548500,539000,438800,2207.719053,630.775,2838.494053,113539.7621,5.827110285,431200,2169.48144,619.85,2789.33144,111573.2576,5.527280274,515000,412000,2072.881153,592.25,2665.131153,106605.2461,5.902931268
112,Inverness,1300000,1010000,1040000,5232.515532,1495,6727.515532,269100.6213,9.016048787,808000,4065.262067,1161.5,5226.762067,209070.4827,13.12856602,8.00E+05,640000,3220.009558,920,4140.009558,165600.3823,15.0827517
113,Ione,399999,282000,319999.2,1610.000754,459.99885,2069.999604,82799.98417,28.09230938,225600,1135.053369,324.3,1459.353369,58374.13477,48.18527035,245000,196000,986.1279272,281.75,1267.877927,50715.11709,49.35505703
114,Jackson,324950,358536.5,259960,1307.927632,373.6925,1681.620132,67264.8053,47.01483138,286829.2,1443.113696,412.316975,1855.430671,74217.22685,44.08804892,430000,344000,1730.755138,494.5,2225.255138,89010.2055,24.69610569
115,Kensington,1225000,1150000,980000,4930.639636,1408.75,6339.389636,253575.5854,18.01134977,920000,4628.76374,1322.5,5951.26374,238050.5496,14.90127481,1100000,880000,4427.513143,1265,5692.513143,227700.5257,15.58487917
116,Kentfield,2650000,1788000,2120000,10666.28166,3047.5,13713.78166,548551.2665,0,1430400,7196.721363,2056.2,9252.921363,370116.8545,15.31187483,2747500,2198000,11058.72033,3159.625,14218.34533,568733.8131,0
117,Kerman,265000,237500,212000,1066.628166,304.75,1371.378166,54855.12665,43.08358381,190000,955.9403376,273.125,1229.065338,49162.6135,54.34489043,230000,184000,925.752748,264.5,1190.252748,47610.10992,54.27775791
118,Kingsburg,305000,246000,244000,1227.628644,350.75,1578.378644,63135.14576,51.49804204,196800,990.1529392,282.9,1273.052939,50922.11757,52.76704395,280000,224000,1127.003345,322,1449.003345,57960.13382,51.29888742
119,Knightsen,1125000,782500,9.00E+05,4528.138441,1293.75,5821.888441,232875.5377,5.30230948,626000,3149.571849,899.875,4049.446849,161977.874,8.256351201,360000,288000,1449.004301,414,1863.004301,74520.17205,48.62162361
120,La Habra Heights,747500,941500,598000,3008.696431,859.625,3868.321431,154732.8572,22.84430903,753200,3789.548749,1082.725,4872.273749,194890.95,15.77813952,862500,690000,3471.572805,991.875,4463.447805,178537.9122,17.55443034
121,La Mirada,595000,555000,476000,2394.882109,684.25,3079.132109,123165.2844,16.26794359,444000,2233.881631,638.25,2872.131631,114885.2652,17.14953756,560000,448000,2254.006691,644,2898.006691,115920.2676,16.49876906
122,La Puente,450000,453250,360000,1811.255377,517.5,2328.755377,93150.21506,26.88034558,362600,1824.336665,521.2375,2345.574165,93822.96661,23.76623203,420000,336000,1690.505018,483,2173.505018,86940.20072,24.44736891
123,La Verne,647500,644916.5,518000,2606.195236,744.625,3350.820236,134032.8094,14.49360781,515933.2,2595.796618,741.653975,3337.450593,133498.0237,14.64967381,585000,468000,2354.631989,672.75,3027.381989,121095.2796,16.69260774
124,Lafayette,1287500,1343480,1030000,5182.202883,1480.625,6662.827883,266513.1153,21.03232282,1074784,5407.523052,1545.002,6952.525052,278101.0021,17.2343848,1488000,1190400,5989.217778,1711.2,7700.417778,308016.7111,14.62992926
125,Lake Hughes,278000,285000,222400,1118.953322,319.7,1438.653322,57546.13286,58.62166618,228000,1147.128405,327.75,1474.878405,58995.13621,55.38310379,230000,184000,925.752748,264.5,1190.252748,47610.10992,66.19877118
126,Lake Los Angeles,204950,199950,163960,824.9261987,235.6925,1060.618699,42424.74795,54.5567163,159960,804.801139,229.9425,1034.743639,41389.74556,52.86572368,172500,138000,694.314561,198.375,892.689561,35707.58244,53.17710281
127,Lakewood,575000,555000,460000,2314.38187,661.25,2975.63187,119025.2748,14.75778329,444000,2233.881631,638.25,2872.131631,114885.2652,14.92980727,549900,439920,2213.35407,632.385,2845.73907,113829.5628,14.77692738
128,Lancaster,270000,270000,216000,1086.753226,310.5,1397.253226,55890.12904,45.42481081,216000,1086.753226,310.5,1397.253226,55890.12904,44.85351864,234945,187956,945.6564321,270.18675,1215.843182,48633.72728,60.21300179
129,Larkspur,1950000,1819750,1560000,7848.773298,2242.5,10091.2733,403650.9319,6.185460632,1455800,7324.515492,2092.7125,9417.227992,376689.1197,6.01108566,2302500,1842000,9267.59001,2647.875,11915.46501,476618.6004,1.122928781
130,Laton,126000,95000,100800,507.1515054,144.9,652.0515054,26082.06022,64.88876702,76000,382.376135,109.25,491.626135,19665.0454,85.88106403,470000,376000,1891.755615,540.5,2432.255615,97290.22462,15.89591387
131,Lawndale,550000,510000,440000,2213.756571,632.5,2846.256571,113850.2629,7.588574677,408000,2052.756093,586.5,2639.256093,105570.2437,6.927380328,527450,421960,2122.992552,606.5675,2729.560052,109182.4021,6.262029625
132,Laytonville,374500,242500,299600,1507.366974,430.675,1938.041974,77521.67898,12.66424505,194000,976.0653974,278.875,1254.940397,50197.61589,24.47428993,20100000,16080000,80902.74015,23115,104017.7402,4160709.606,0
133,Lennox,377000,440000,301600,1517.429504,433.55,1950.979504,78039.18017,17.17968589,352000,1771.005257,506,2277.005257,91080.21028,14.23346708,395000,316000,1589.879719,454.25,2044.129719,81765.18878,14.66916449
134,Leona Valley,502500,365000,402000,2022.568504,577.875,2600.443504,104017.7402,28.30563433,292000,1469.129361,419.75,1888.879361,75555.17444,50.48944212,472000,377600,1899.805639,542.8,2442.605639,97704.22558,43.38507551
135,Littlerock,260000,286000,208000,1046.503106,299,1345.503106,53820.12426,50.02228641,228800,1151.153417,328.9,1480.053417,59202.13668,46.14982745,230000,184000,925.752748,264.5,1190.252748,47610.10992,61.41993847
136,Livermore,796000,795000,636800,3203.90951,915.4,4119.30951,164772.3804,21.15306603,636000,3199.884499,914.25,4114.134499,164565.3799,17.97586285,749500,599600,3016.746455,861.925,3878.671455,155146.8582,18.73304427
137,Livingston,245000,267000,196000,986.1279272,281.75,1267.877927,50715.11709,48.53285894,213600,1074.67819,307.05,1381.72819,55269.1276,49.62306347,245000,196000,986.1279272,281.75,1267.877927,50715.11709,49.62415761
138,Loleta,275000,480000,220000,1106.878286,316.25,1423.128286,56925.13143,43.94154622,384000,1932.005735,552,2484.005735,99360.2294,14.32661162,259000,207200,1042.478094,297.85,1340.328094,53613.12378,40.0431095
139,Lomita,677000,637000,541600,2724.933089,778.55,3503.483089,140139.3235,9.993747965,509600,2563.932611,732.55,3296.482611,131859.3044,8.801185,645000,516000,2596.132706,741.75,3337.882706,133515.3083,8.437578701
140,Long Beach,650000,613807.5,520000,2616.257766,747.5,3363.757766,134550.3106,9.581370316,491046,2470.582521,705.878625,3176.461146,127058.4458,9.044246013,603500,482800,2429.094711,694.025,3123.119711,124924.7884,9.009001099
141,Los Angeles,470000,467500,376000,1891.755615,540.5,2432.255615,97290.22462,27.280144,374000,1881.693086,537.625,2419.318086,96772.72342,25.10793363,410000,328000,1650.254899,471.5,2121.754899,84870.19594,26.46091087
142,Los Banos,340420,336595,272336,1370.194567,391.483,1761.677567,70467.10269,40.1424847,269276,1354.798897,387.08425,1741.883147,69675.32586,43.43901572,318625,254900,1282.469432,366.41875,1648.888182,65955.52728,43.46113912
143,Lynwood,435000,409000,348000,1750.880197,500.25,2251.130197,90045.20789,19.39805442,327200,1646.229887,470.35,2116.579887,84663.19547,18.00590155,393500,314800,1583.842201,452.525,2036.367201,81454.68806,17.89491916
144,Madera,255000,238000,204000,1026.378047,293.25,1319.628047,52785.12187,41.94235557,190400,957.9528436,273.7,1231.652844,49266.11374,55.26077734,209875,167900,844.7493826,241.35625,1086.105633,43444.2253,55.51225494
145,Magalia,214000,222500,171200,861.3525568,246.1,1107.452557,44298.10227,61.6837357,178000,895.5651584,255.875,1151.440158,46057.60634,56.46659027,155000,124000,623.8768519,178.25,802.1268519,32085.07408,70.37468659
146,Manhattan Beach,2265000,2672500,1812000,9116.652062,2604.75,11721.40206,468856.0825,2.971156421,2138000,10756.84443,3073.375,13830.21943,553208.7772,0,2595000,2076000,10444.906,2984.25,13429.156,537166.2402,0
147,Manila,245000,120000,196000,986.1279272,281.75,1267.877927,50715.11709,27.77896032,96000,483.0014337,138,621.0014337,24840.05735,81.90466494,307000,245600,1235.678668,353.05,1588.728668,63549.14672,26.45811051
148,Mariposa,292500,291750,234000,1177.315995,336.375,1513.690995,60547.63979,35.32640329,233400,1174.297236,335.5125,1509.809736,60392.38943,35.14008978,295000,236000,1187.378525,339.25,1526.628525,61065.14098,34.83871765
149,Martinez,640750,588000,512600,2579.026406,736.8625,3315.888906,132635.5562,16.04696915,470400,2366.707025,676.2,3042.907025,121716.281,16.89062793,605000,484000,2435.132228,695.75,3130.882228,125235.2891,15.48556008
150,Maywood,410000,321000,328000,1650.254899,471.5,2121.754899,84870.19594,16.73150479,256800,1292.028835,369.15,1661.178835,66447.15341,34.67057001,352500,282000,1418.816712,405.375,1824.191712,72967.66846,33.92318636
151,Mendocino,720000,525000,576000,2898.008602,828,3726.008602,149040.3441,4.598068828,420000,2113.131273,603.75,2716.881273,108675.2509,8.646826809,1150000,920000,4628.76374,1322.5,5951.26374,238050.5496,1.174512589
152,Mendota,175000,139900,140000,704.3770909,201.25,905.6270909,36225.08363,37.85800384,111920,563.0991715,160.885,723.9841715,28959.36686,52.2228221,125000,1.00E+05,503.1264935,143.75,646.8764935,25875.05974,52.05575276
153,Merced,247500,247000,198000,996.1904571,284.625,1280.815457,51232.61828,37.34912246,197600,994.1779511,284.05,1278.227951,51129.11804,39.53611106,218690,174952,880.2298629,251.4935,1131.723363,45268.93451,54.63993711
154,Mill Valley,1500000,1469000,1200000,6037.517922,1725,7762.517922,310500.7169,17.80094525,1175200,5912.742551,1689.35,7602.092551,304083.7021,17.61835547,1600000,1280000,6440.019117,1840,8280.019117,331200.7647,14.81959431
155,Milpitas,1175000,1040028,940000,4729.389039,1351.25,6080.639039,243225.5615,10.51490073,832022.4,4186.125126,1196.0322,5382.157326,215286.293,10.71380649,881000,704800,3546.035526,1013.15,4559.185526,182367.421,13.81442417
156,Miranda,275000,750000,220000,1106.878286,316.25,1423.128286,56925.13143,32.68008471,6.00E+05,3018.758961,862.5,3881.258961,155250.3584,1.699327619,480000,384000,1932.005735,552,2484.005735,99360.2294,8.813469911
157,Mokelumne Hill,287500,288000,230000,1157.190935,330.625,1487.815935,59512.6374,49.51426347,230400,1159.203441,331.2,1490.403441,59616.13764,59.1905411,190000,152000,764.7522701,218.5,983.2522701,39330.0908,73.17854569
158,Monrovia,675000,697750,540000,2716.883065,776.25,3493.133065,139725.3226,12.0342894,558200,2808.452087,802.4125,3610.864587,144434.5835,10.81995673,692550,554040,2787.522024,796.4325,3583.954524,143358.181,10.64550751
159,Montebello,555000,534000,444000,2233.881631,638.25,2872.131631,114885.2652,7.849728292,427200,2149.35638,614.1,2763.45638,110538.2552,7.299429592,527500,422000,2123.193802,606.625,2729.818802,109192.7521,7.312069631
160,Monterey Park,708000,670000,566400,2849.708459,814.2,3663.908459,146556.3384,8.738810377,536000,2696.758005,770.5,3467.258005,138690.3202,8.160229238,655000,524000,2636.382826,753.25,3389.632826,135585.313,8.262398002
161,Moraga,1449000,1375000,1159200,5832.242312,1666.35,7498.592312,299943.6925,19.18557256,1100000,5534.391428,1581.25,7115.641428,284625.6571,17.04620164,1312500,1050000,5282.828182,1509.375,6792.203182,271688.1273,17.62045297
162,Mountain Ranch,344500,458500,275600,1386.616616,396.175,1782.791616,71311.66464,35.29020166,366800,1845.467978,527.275,2372.742978,94909.71912,23.27548645,360000,288000,1449.004301,414,1863.004301,74520.17205,42.21557229
163,Mountain View,2464000,2100000,1971200,9917.629439,2833.6,12751.22944,510049.1776,0,1680000,8452.52509,2415,10867.52509,434701.0036,0.568181244,1770000,1416000,7124.271148,2035.5,9159.771148,366390.8459,1.066071581
164,Murphys,347500,330000,278000,1398.691652,399.625,1798.316652,71932.66608,41.88007847,264000,1328.253943,379.5,1707.753943,68310.15771,44.76398457,423500,338800,1704.59256,487.025,2191.61756,87664.7024,24.36566452
165,Myers Flat,9.00E+05,407400,720000,3622.510753,1035,4657.510753,186300.4301,2.115521349,325920,1639.789868,468.51,2108.299868,84331.9947,8.68047195,625000,5.00E+05,2515.632467,718.75,3234.382467,129375.2987,1.345107867
166,Newark,965250,853000,772200,3885.142783,1110.0375,4995.180283,199807.2113,7.929546887,682400,3433.335192,980.95,4414.285192,176571.4077,9.179685003,777500,622000,3129.446789,894.125,4023.571789,160942.8716,10.45725562
167,Norwalk,465000,445000,372000,1871.630556,534.75,2406.380556,96255.22223,27.74737884,356000,1791.130317,511.75,2302.880317,92115.21267,27.39651321,435000,348000,1750.880197,500.25,2251.130197,90045.20789,27.41699558
168,Novato,977000,877000,781600,3932.436673,1123.55,5055.986673,202239.4669,10.72723646,701600,3529.935478,1008.55,4538.485478,181539.4191,12.08648839,819000,655200,3296.484785,941.85,4238.334785,169533.3914,13.05615313
169,Oakhurst,293500,257500,234800,1181.341007,337.525,1518.866007,60754.64027,41.31000306,206000,1036.440577,296.125,1332.565577,53302.62306,38.87559458,240000,192000,966.0028675,276,1242.002867,49680.1147,56.37188957
170,Oakland,695000,750000,556000,2797.383304,799.25,3596.633304,143865.3322,12.77490789,6.00E+05,3018.758961,862.5,3881.258961,155250.3584,9.581956782,655000,524000,2636.382826,753.25,3389.632826,135585.313,11.16964925
171,Oakley,467500,470000,374000,1881.693086,537.625,2419.318086,96772.72342,37.4911799,376000,1891.755615,540.5,2432.255615,97290.22462,33.32567612,425000,340000,1710.630078,488.75,2199.380078,87975.20311,35.2975604
172,Orange Cove,189500,115000,151600,762.7397641,217.925,980.6647641,39226.59056,39.87736175,92000,462.876374,132.25,595.126374,23805.05496,76.94981222,137250,109800,552.4328898,157.8375,710.2703898,28410.81559,59.45299957
173,Orinda,1400000,1402500,1120000,5635.016727,1610,7245.016727,289800.6691,25.92892536,1122000,5645.079257,1612.875,7257.954257,290318.1703,23.24520273,1347500,1078000,5423.7036,1549.625,6973.3286,278933.144,24.10931272
174,Orland,262500,235000,210000,1056.565636,301.875,1358.440636,54337.62545,35.69588627,188000,945.8778077,270.25,1216.127808,48645.11231,51.27652818,203500,162800,819.0899314,234.025,1053.114931,42124.59726,51.77407007
175,Oroville,179000,194500,143200,720.4771387,205.85,926.3271387,37053.08555,52.19448722,155600,782.8648239,223.675,1006.539824,40261.59295,49.7292778,205000,164000,825.1274493,235.75,1060.877449,42435.09797,49.30573448
176,Pacheco,603000,525000,482400,2427.082205,693.45,3120.532205,124821.2882,10.90907001,420000,2113.131273,603.75,2716.881273,108675.2509,14.51835101,479000,383200,1927.980723,550.85,2478.830723,99153.22892,27.83304695
177,Palmdale,312000,3.00E+05,249600,1255.803728,358.8,1614.603728,64584.14911,48.13902883,240000,1207.503584,345,1552.503584,62100.14337,48.68576318,275000,220000,1106.878286,316.25,1423.128286,56925.13143,49.21049818
178,Palos Verdes Estates,1764500,1687500,1411600,7102.133582,2029.175,9131.308582,365252.3433,16.11353037,1350000,6792.207662,1940.625,8732.832662,349313.3065,16.73513723,1775000,1420000,7144.396207,2041.25,9185.646207,367425.8483,14.54280428
179,Paradise,265000,274500,212000,1066.628166,304.75,1371.378166,54855.12665,46.26266763,219600,1104.86578,315.675,1420.54078,56821.63119,39.56931146,237450,189960,955.739087,273.0675,1228.806587,49152.26348,54.3150106
180,Paramount,416500,440000,333200,1676.417476,478.975,2155.392476,86215.69905,21.81602907,352000,1771.005257,506,2277.005257,91080.21028,17.42687328,425000,340000,1710.630078,488.75,2199.380078,87975.20311,17.45874416
181,Parlier,152000,159500,121600,611.8018161,174.8,786.6018161,31464.07264,66.3165683,127600,641.9894057,183.425,825.4144057,33016.57623,64.00325434,154000,123200,619.85184,177.1,796.95184,31878.0736,63.94702277
182,Pasadena,1005000,950000,804000,4045.137008,1155.75,5200.887008,208035.4803,9.896591524,760000,3823.76135,1092.5,4916.26135,196650.454,9.00448259,875000,7.00E+05,3521.885454,1006.25,4528.135454,181125.4182,10.08878691
183,Pico Rivera,469500,461150,375600,1889.74311,539.925,2429.66811,97186.72438,25.63883045,368920,1856.13426,530.3225,2386.45676,95458.27039,24.46240565,436000,348800,1754.905209,501.4,2256.305209,90252.20837,24.99116818
184,Piedmont,2300000,2100000,1840000,9257.52748,2645,11902.52748,476101.0992,3.66188702,1680000,8452.52509,2415,10867.52509,434701.0036,9.329069015,1975000,1580000,7949.398597,2271.25,10220.6486,408825.9439,12.84892456
185,Pine Grove,288800,189900,231040,1162.423451,332.12,1494.543451,59781.73802,53.31958224,151920,764.3497689,218.385,982.7347689,39309.39076,62.17788958,237000,189600,953.9278316,272.55,1226.477832,49059.11327,60.75136073
186,Pinole,608000,525000,486400,2447.207264,699.2,3146.407264,125856.2906,16.0245258,420000,2113.131273,603.75,2716.881273,108675.2509,18.06709903,525000,420000,2113.131273,603.75,2716.881273,108675.2509,17.66646534
187,Pioneer,254500,230000,203600,1024.365541,292.675,1317.040541,52681.62163,46.47140235,184000,925.752748,264.5,1190.252748,47610.10992,57.45323737,205000,164000,825.1274493,235.75,1060.877449,42435.09797,57.93428556
188,Pittsburg,447000,430000,357600,1799.180341,514.05,2313.230341,92529.21363,31.24956002,344000,1730.755138,494.5,2225.255138,89010.2055,29.87134086,419000,335200,1686.480006,481.85,2168.330006,86733.20025,29.79760465
189,Placerville,4.00E+05,382000,320000,1610.004779,460,2070.004779,82800.19117,26.15501003,305600,1537.554564,439.3,1976.854564,79074.18256,25.14063363,356500,285200,1434.916759,409.975,1844.891759,73795.67038,43.54447337
190,Planada,149500,168000,119600,601.7392862,171.925,773.6642862,30946.57145,61.45470295,134400,676.2020072,193.2,869.4020072,34776.08029,64.83488036,109000,87200,438.7263023,125.35,564.0763023,22563.05209,83.678382
191,Pleasant Hill,822500,790000,658000,3310.572327,945.875,4256.447327,170257.8931,13.28508429,632000,3179.759439,908.5,4088.259439,163530.3776,12.17979227,772500,618000,3109.32173,888.375,3997.69673,159907.8692,12.10113244
192,Pleasanton,1247500,1160000,998000,5021.202405,1434.625,6455.827405,258233.0962,16.62454549,928000,4669.01386,1334,6003.01386,240120.5544,15.05523938,1075000,860000,4326.887844,1236.25,5563.137844,222525.5138,16.27458422
193,Point Arena,1245000,701000,996000,5011.139875,1431.75,6442.889875,257715.595,0.325628896,560800,2821.533375,806.15,3627.683375,145107.335,2.613422798,681250,545000,2742.039389,783.4375,3525.476889,141019.0756,2.720800561
194,Pollock Pines,307950,299000,246360,1239.502429,354.1425,1593.644929,63745.79717,50.38061492,239200,1203.478572,343.85,1547.328572,61893.1429,47.02780931,303500,242800,1221.591126,349.025,1570.616126,62824.64505,46.70569049
195,Pomona,417500,4.00E+05,334000,1680.442488,480.125,2160.567488,86422.69953,26.02917686,320000,1610.004779,460,2070.004779,82800.19117,24.10795588,370000,296000,1489.254421,425.5,1914.754421,76590.17683,24.59616125
196,Quartz Hill,360000,355000,288000,1449.004301,414,1863.004301,74520.17205,52.83765446,284000,1428.879241,408.25,1837.129241,73485.16966,52.63155069,265000,212000,1066.628166,304.75,1371.378166,54855.12665,55.95834817
197,Rancho Palos Verdes,1350000,1275000,1080000,5433.76613,1552.5,6986.26613,279450.6452,13.6442777,1020000,5131.890234,1466.25,6598.140234,263925.6093,12.40869112,1285000,1028000,5172.140353,1477.75,6649.890353,265995.6141,12.10150946
198,Redondo Beach,1250000,1230000,1.00E+06,5031.264935,1437.5,6468.764935,258750.5974,9.872329906,984000,4950.764696,1414.5,6365.264696,254610.5878,8.474490924,1200000,960000,4830.014337,1380,6210.014337,248400.5735,8.495055423
199,Redwood Valley,425000,471000,340000,1710.630078,488.75,2199.380078,87975.20311,32.67345973,376800,1895.780627,541.65,2437.430627,97497.2251,27.9047933,425000,340000,1710.630078,488.75,2199.380078,87975.20311,29.29563344
200,Reedley,211000,235000,168800,849.277521,242.65,1091.927521,43677.10084,61.99293512,188000,945.8778077,270.25,1216.127808,48645.11231,61.21941151,216000,172800,869.4025807,248.4,1117.802581,44712.10323,61.28767021
201,Richmond,526500,490000,421200,2119.168791,605.475,2724.643791,108985.7516,12.00951293,392000,1972.255854,563.5,2535.755854,101430.2342,12.25989069,394502.5,315602,1587.877276,453.677875,2041.555151,81662.20604,28.07227589
202,Riverdale,177745,257500,142196,715.4257487,204.40675,919.8324987,36793.29995,68.66073258,206000,1036.440577,296.125,1332.565577,53302.62306,43.21159022,159300,127440,641.1844033,183.195,824.3794033,32975.17613,80.02088904
203,Rodeo,483500,465000,386800,1946.093277,556.025,2502.118277,100084.7311,17.69163418,372000,1871.630556,534.75,2406.380556,96255.22223,33.95842918,460000,368000,1851.505496,529,2380.505496,95220.21984,33.59074778
212,Rolling Hills Estates,1848000,1399000,1478400,7438.22208,2125.2,9563.42208,382536.8832,10.27745621,1119200,5630.991715,1608.85,7239.841715,289593.6686,14.72442076,1486000,1188800,5981.167754,1708.9,7690.067754,307602.7102,13.33914343
213,Rosemead,634000,604400,507200,2551.857575,729.1,3280.957575,131238.303,5.389586362,483520,2432.717221,695.06,3127.777221,125111.0889,4.962292318,570000,456000,2294.25681,655.5,2949.75681,117990.2724,5.638458302
214,Ross,4205000,2212000,3364000,16925.17524,4835.75,21760.92524,870437.0096,0,1769600,8903.326429,2543.8,11447.12643,457885.0571,5.608487113,3455000,2764000,13906.41628,3973.25,17879.66628,715186.6512,0
215,Rowland Heights,620000,651500,496000,2495.507408,713,3208.507408,128340.2963,11.60614523,521200,2622.295284,749.225,3371.520284,134860.8114,10.80015673,640000,512000,2576.007647,736,3312.007647,132480.3059,10.84506439
216,San Andreas,230950,245000,184760,929.5765094,265.5925,1195.169009,47806.76037,62.04008409,196000,986.1279272,281.75,1267.877927,50715.11709,47.88045665,207500,166000,835.1899792,238.625,1073.814979,42952.59917,67.00725398
217,San Anselmo,1455000,1368000,1164000,5856.392384,1673.25,7529.642384,301185.6954,11.98891722,1094400,5506.216345,1573.2,7079.416345,283176.6538,11.23986078,1227500,982000,4940.702166,1411.625,6352.327166,254093.0866,12.42034334
218,San Dimas,641500,672000,513200,2582.045165,737.725,3319.770165,132790.8066,14.77320516,537600,2704.808029,772.8,3477.608029,139104.3212,12.75987669,649500,519600,2614.24526,746.925,3361.17026,134446.8104,13.15872887
219,San Fernando,455000,467000,364000,1831.380436,523.25,2354.630436,94185.21745,24.89002295,373600,1879.68058,537.05,2416.73058,96669.22319,22.56130724,425000,340000,1710.630078,488.75,2199.380078,87975.20311,23.32464602
220,San Francisco,1610000,1501504,1288000,6480.269236,1851.5,8331.769236,333270.7694,8.534400107,1201203.2,6043.57154,1726.7296,7770.30114,310812.0456,7.439185254,1300000,1040000,5232.515532,1495,6727.515532,269100.6213,8.771362393
221,San Gabriel,865000,793500,692000,3481.635335,994.75,4476.385335,179055.4134,5.520380221,634800,3193.846981,912.525,4106.371981,164254.8792,7.325534084,797500,638000,3209.947028,917.125,4127.072028,165082.8811,7.029463557
222,San Joaquin,182000,170000,145600,732.5521745,209.3,941.8521745,37674.08698,39.24532486,136000,684.2520311,195.5,879.7520311,35190.08125,40.973302,125000,1.00E+05,503.1264935,143.75,646.8764935,25875.05974,61.1955001
223,San Leandro,680000,659500,544000,2737.008125,782,3519.008125,140760.325,10.32870725,527600,2654.49538,758.425,3412.92038,136516.8152,10.15303711,581500,465200,2340.544448,668.725,3009.269448,120370.7779,12.22660324
224,San Lorenzo,660000,620000,528000,2656.507886,759,3415.507886,136620.3154,12.04770805,496000,2495.507408,713,3208.507408,128340.2963,12.33131896,550000,440000,2213.756571,632.5,2846.256571,113850.2629,15.26061347
225,San Marino,2400000,1940000,1920000,9660.028675,2760,12420.02867,496801.147,0.288678325,1552000,7808.523179,2231,10039.52318,401580.9272,7.672012235,2540000,2032000,10223.53035,2921,13144.53035,525781.2139,0
226,San Miguel,370000,395000,296000,1489.254421,425.5,1914.754421,76590.17683,66.22758903,316000,1589.879719,454.25,2044.129719,81765.18878,59.79518447,344500,275600,1386.616616,396.175,1782.791616,71311.66464,74.2200905
227,San Pablo,425000,434500,340000,1710.630078,488.75,2199.380078,87975.20311,21.18215048,347600,1748.867691,499.675,2248.542691,89941.70765,18.92150965,375000,3.00E+05,1509.37948,431.25,1940.62948,77625.17922,19.96955621
228,San Rafael,1079000,1155000,863200,4342.987892,1240.85,5583.837892,223353.5157,12.74005854,924000,4648.8888,1328.25,5977.1388,239085.552,10.34353894,1.00E+06,8.00E+05,4025.011948,1150,5175.011948,207000.4779,12.04658922
229,San Ramon,1129000,1107500,903200,4544.238489,1298.35,5842.588489,233703.5396,19.49044948,886000,4457.700732,1273.625,5731.325732,229253.0293,16.72234479,1095100,876080,4407.790584,1259.365,5667.155584,226686.2234,16.57732281
230,Sanger,240000,260000,192000,966.0028675,276,1242.002867,49680.1147,59.0324896,208000,1046.503106,299,1345.503106,53820.12426,39.30949546,228444,182755.2,919.4898294,262.7106,1182.200429,47288.01718,54.01031263
231,Santa Clarita,581250,499999,465000,2339.538195,668.4375,3007.975695,120319.0278,20.7531182,399999.2,2012.501949,574.99885,2587.500799,103500.032,22.59754668,410000,328000,1650.254899,471.5,2121.754899,84870.19594,41.89085929
232,Santa Fe Springs,462500,515000,370000,1861.568026,531.875,2393.443026,95737.72104,26.89369367,412000,2072.881153,592.25,2665.131153,106605.2461,9.552396743,460000,368000,1851.505496,529,2380.505496,95220.21984,25.23715061
233,Santa Monica,1605000,2335000,1284000,6460.144176,1845.75,8305.894176,332235.7671,6.065109408,1868000,9398.402898,2685.25,12083.6529,483346.1159,0.512563314,1750000,1400000,7043.770909,2012.5,9056.270909,362250.8363,4.138598829
234,Sausalito,1685000,1757000,1348000,6782.145132,1937.75,8719.895132,348795.8053,11.10508201,1405600,7071.945992,2020.55,9092.495992,363699.8397,7.679905052,1725000,1380000,6943.14561,1983.75,8926.89561,357075.8244,7.841256001
235,Selma,227500,215500,182000,915.6902181,261.625,1177.315218,47092.60873,60.00196987,172400,867.3900748,247.825,1115.215075,44608.60299,55.31716827,175000,140000,704.3770909,201.25,905.6270909,36225.08363,55.74511683
236,Shaver Lake,458500,464750,366800,1845.467978,527.275,2372.742978,94909.71912,41.78280427,371800,1870.624303,534.4625,2405.086803,96203.47211,37.81441786,405000,324000,1630.129839,465.75,2095.879839,83835.19356,40.67686987
237,Shingle Springs,543000,550000,434400,2185.581488,624.45,2810.031488,112401.2595,23.22034546,440000,2213.756571,632.5,2846.256571,113850.2629,20.46543156,499000,399200,2008.480962,573.85,2582.330962,103293.2385,22.52036051
238,Sierra Madre,979500,862500,783600,3942.499203,1126.425,5068.924203,202756.9681,16.86277096,690000,3471.572805,991.875,4463.447805,178537.9122,14.87797255,1145000,916000,4608.63868,1316.75,5925.38868,237015.5472,9.668398812
239,Signal Hill,717500,7.00E+05,574000,2887.946073,825.125,3713.071073,148522.8429,10.00856669,560000,2817.508363,805,3622.508363,144900.3345,10.62040635,857500,686000,3451.447745,986.125,4437.572745,177502.9098,7.434088009
240,Smith River,221000,565000,176800,889.5276405,254.15,1143.67764,45747.10562,53.72436171,452000,2274.131751,649.75,2923.881751,116955.27,4.677256535,86000,68800,346.1510275,98.9,445.0510275,17802.0411,87.34092428
241,Snelling,110000,174000,88000,442.7513143,126.5,569.2513143,22770.05257,80.41808513,139200,700.3520789,200.1,900.4520789,36018.08316,61.29115458,462500,370000,1861.568026,531.875,2393.443026,95737.72104,21.74036982
242,South El Monte,502000,464500,401600,2020.555998,577.3,2597.855998,103914.2399,6.840447903,371600,1869.61805,534.175,2403.79305,96151.72199,19.52486685,424000,339200,1706.605066,487.6,2194.205066,87768.20264,20.18700655
243,South Gate,460000,415000,368000,1851.505496,529,2380.505496,95220.21984,19.93437441,332000,1670.379958,477.25,2147.629958,85905.19833,18.82679117,377500,302000,1519.44201,434.125,1953.56701,78142.68041,19.29928699
244,South Lake Tahoe,499000,430000,399200,2008.480962,573.85,2582.330962,103293.2385,10.41078587,344000,1730.755138,494.5,2225.255138,89010.2055,20.86153652,418000,334400,1682.454994,480.7,2163.154994,86526.19977,20.7148494
245,South Pasadena,1750000,1238000,1400000,7043.770909,2012.5,9056.270909,362250.8363,4.560745848,990400,4982.964791,1423.7,6406.664791,256266.5917,6.040584326,1531337.5,1225070,6163.651734,1761.038125,7924.689859,316987.5943,4.462217738
246,Squaw Valley,222500,210000,178000,895.5651584,255.875,1151.440158,46057.60634,68.53324376,168000,845.252509,241.5,1086.752509,43470.10036,65.68172144,225000,180000,905.6276883,258.75,1164.377688,46575.10753,64.87246474
247,Stevenson Ranch,777500,759000,622000,3129.446789,894.125,4023.571789,160942.8716,26.92487677,607200,3054.984068,872.85,3927.834068,157113.3627,21.58938074,755500,604400,3040.896527,868.825,3909.721527,156388.8611,21.3717079
248,Stinson Beach,2513750,4850000,2011000,10117.87378,2890.8125,13008.68628,520347.4514,0,3880000,19521.30795,5577.5,25098.80795,1003952.318,0,2600000,2080000,10465.03106,2990,13455.03106,538201.2426,0
249,Sunol,1987500,1300000,1590000,7999.711246,2285.625,10285.33625,411413.4499,8.151947938,1040000,5232.515532,1495,6727.515532,269100.6213,19.27944951,1443500,1154800,5810.104747,1660.025,7470.129747,298805.1899,16.43352724
250,Tahoma,635000,640000,508000,2555.882587,730.25,3286.132587,131445.3035,12.0700268,512000,2576.007647,736,3312.007647,132480.3059,10.61337966,445000,356000,1791.130317,511.75,2302.880317,92115.21267,23.22144313
251,Temple City,841000,780000,672800,3385.035048,967.15,4352.185048,174087.4019,7.240760421,624000,3139.509319,897,4036.509319,161460.3728,7.457757512,770000,616000,3099.2592,885.5,3984.7592,159390.368,7.402901243
252,Tiburon,2690000,2670500,2152000,10827.28214,3093.5,13920.78214,556831.2856,0,2136400,10748.79441,3071.075,13819.86941,552794.7763,0,2727500,2182000,10978.22009,3136.625,14114.84509,564593.8035,0
253,Torrance,816000,837250,652800,3284.409749,938.4,4222.809749,168912.39,11.61833309,669800,3369.941253,962.8375,4332.778753,173311.1501,9.523747172,755000,604000,3038.884021,868.25,3907.134021,156285.3608,10.95227739
254,Tranquillity,140000,87500,112000,563.5016727,161,724.5016727,28980.06691,70.76491137,70000,352.1885454,100.625,452.8135454,18112.54182,85.2609341,357500,286000,1438.941771,411.125,1850.066771,74002.67085,38.41387832
255,Ukiah,413500,396000,330800,1664.34244,475.525,2139.86744,85594.69762,19.82730581,316800,1593.904731,455.4,2049.304731,81972.18925,21.50634102,400050,320040,1610.20603,460.0575,2070.26353,82810.54119,20.87473194
256,Union City,999000,888888,799200,4020.986936,1148.85,5169.836936,206793.4774,9.444005855,711110.4,3577.78482,1022.2212,4600.00602,184000.2408,9.708976038,802000,641600,3228.059582,922.3,4150.359582,166014.3833,11.43230641
257,Valinda,490000,467500,392000,1972.255854,563.5,2535.755854,101430.2342,15.16906131,374000,1881.693086,537.625,2419.318086,96772.72342,32.08794219,434944,347955.2,1750.654797,500.1856,2250.840397,90033.61587,32.99745825
258,Vallecito,290000,248500,232000,1167.253465,333.5,1500.753465,60030.1386,44.44266035,198800,1000.215469,285.775,1285.990469,51439.61876,48.12447682,190000,152000,764.7522701,218.5,983.2522701,39330.0908,58.74905596
259,Valley Springs,349000,320000,279200,1404.72917,401.35,1806.07917,72243.16679,55.53684884,256000,1288.003823,368,1656.003823,66240.15293,58.94177207,302250,241800,1216.559861,347.5875,1564.147361,62565.89445,59.32251691
260,Walnut,835000,753000,668000,3360.884976,960.25,4321.134976,172845.3991,13.88419739,602400,3030.833997,865.95,3896.783997,155871.3599,14.53507688,778500,622800,3133.471801,895.275,4028.746801,161149.8721,13.52937405
261,Walnut Creek,1100000,1069000,880000,4427.513143,1265,5692.513143,227700.5257,12.3795001,855200,4302.737772,1229.35,5532.087772,221283.5109,9.915904812,1049000,839200,4222.237533,1206.35,5428.587533,217143.5013,9.891050615
262,West Covina,580000,570000,464000,2334.50693,667,3001.50693,120060.2772,12.42887319,456000,2294.25681,655.5,2949.75681,117990.2724,11.05542236,538000,430400,2165.456428,618.7,2784.156428,111366.2571,12.10528286
263,West Point,242250,177500,193800,975.0591444,278.5875,1253.646644,50145.86577,35.8377349,142000,714.4396207,204.125,918.5646207,36742.58483,50.77021208,285975,228780,1151.052792,328.87125,1479.924042,59196.96167,38.03974233
264,Westlake Village,1350000,1415000,1080000,5433.76613,1552.5,6986.26613,279450.6452,13.08609662,1132000,5695.391906,1627.25,7322.641906,292905.6762,10.27863465,1480750,1184600,5960.036442,1702.8625,7662.898942,306515.9577,9.466906495
265,Whittier,535000,525000,428000,2153.381392,615.25,2768.631392,110745.2557,16.66108028,420000,2113.131273,603.75,2716.881273,108675.2509,14.42785422,509000,407200,2048.731081,585.35,2634.081081,105363.2433,14.84119998
266,Willits,260000,290000,208000,1046.503106,299,1345.503106,53820.12426,32.52818116,232000,1167.253465,333.5,1500.753465,60030.1386,34.51911097,255000,204000,1026.378047,293.25,1319.628047,52785.12187,34.51162295
267,Willows,212500,203500,170000,855.3150389,244.375,1099.690039,43987.60156,57.21024511,162800,819.0899314,234.025,1053.114931,42124.59726,57.11717454,190000,152000,764.7522701,218.5,983.2522701,39330.0908,57.26975481
