"","region","Quarter","Price","QuarterEnding","pmt","principal","t_i","pti","min_inc","HAI"
"1","ACTON","2017-Q1",474500,2017-01-01,1891.92987698658,379600,545.675,2437.60487698658,97504.1950794632,0.489561648056557
"2","ADELANTO","2017-Q1",183000,2017-01-01,729.658940966374,146400,210.45,940.108940966374,37604.3576386549,0.461099762467821
"3","AGOURA HILLS","2017-Q1",762500,2017-01-01,3040.24558735989,610000,876.875,3917.12058735989,156684.823494396,0.349752038929851
"4","ALAMEDA","2017-Q1",840000,2017-01-01,3349.25415525549,672000,966,4315.25415525549,172610.166210219,0.203859171774169
"5","ALAMO","2017-Q1",1615000,2017-01-01,6439.33983421144,1292000,1857.25,8296.58983421144,331863.593368458,0.284169322195458
"6","ALHAMBRA","2017-Q1",550000,2017-01-01,2192.96403022681,440000,632.5,2825.46403022681,113018.561209072,0.203502831778525
"7","ALISO VIEJO","2017-Q1",535000,2017-01-01,2133.15592031153,428000,615.25,2748.40592031153,109936.236812461,0.487107581166396
"8","ALPINE","2017-Q1",480000,2017-01-01,1913.85951728885,384000,552,2465.85951728885,98634.380691554,0.427094552017414
"9","ALTADENA","2017-Q1",806250,2017-01-01,3214.68590794611,645000,927.1875,4141.87340794611,165674.936317845,0.242385270266583
"10","AMERICAN CANYON","2017-Q1",522500,2017-01-01,2083.31582871547,418000,600.875,2684.19082871547,107367.633148619,0.387310027359578
"11","ANAHEIM","2017-Q1",5e+05,2017-01-01,1993.60366384255,4e+05,575,2568.60366384255,102744.146553702,0.296848946369804
"12","ANDERSON","2017-Q1",222000,2017-01-01,885.160026746093,177600,255.3,1140.46002674609,45618.4010698437,0.418349301301806
"13","ANTELOPE","2017-Q1",305000,2017-01-01,1216.09823494396,244000,350.75,1566.84823494396,62673.9293977582,0.535591322268939
"14","ANTIOCH","2017-Q1",394000,2017-01-01,1570.95968710793,315200,453.1,2024.05968710793,80962.3874843172,0.446620952789348
"15","APPLE VALLEY","2017-Q1",230000,2017-01-01,917.057685367573,184000,264.5,1181.55768536757,47262.3074147029,0.504701119183572
"16","APTOS","2017-Q1",840000,2017-01-01,3349.25415525549,672000,966,4315.25415525549,172610.166210219,0.208786550153279
"17","ARCADIA","2017-Q1",1100000,2017-01-01,4385.92806045361,880000,1265,5650.92806045361,226037.122418144,0.126367626310369
"18","ARCATA","2017-Q1",360000,2017-01-01,1435.39463796664,288000,414,1849.39463796664,73975.7855186655,0.198386375770138
"19","ARNOLD","2017-Q1",290000,2017-01-01,1156.29012502868,232000,333.5,1489.79012502868,59591.6050011472,0.556978402947739
"20","ARROYO GRANDE","2017-Q1",614500,2017-01-01,2450.13890286249,491600,706.675,3156.8139028625,126272.5561145,0.227525156635782
"21","ATASCADERO","2017-Q1",449000,2017-01-01,1790.25609013061,359200,516.35,2306.60609013061,92264.2436052244,0.371116113939891
"22","ATWATER","2017-Q1",238000,2017-01-01,948.955343989054,190400,273.7,1222.65534398905,48906.2137595622,0.480015730443428
"23","AUBURN","2017-Q1",419500,2017-01-01,1672.6334739639,335600,482.425,2155.0584739639,86202.338958556,0.319093376487365
"24","AZUSA","2017-Q1",405000,2017-01-01,1614.81896771247,324000,465.75,2080.56896771247,83222.7587084987,0.347820307613035
"25","BAKERSFIELD","2017-Q1",216990,2017-01-01,865.18411803439,173592,249.5385,1114.72261803439,44588.9047213756,0.608994221990522
"26","BALDWIN PARK","2017-Q1",372500,2017-01-01,1485.2347295627,298000,428.375,1913.6097295627,76544.389182508,0.32560652372299
"27","BANNING","2017-Q1",229900,2017-01-01,916.658964634805,183920,264.385,1181.0439646348,47241.7585853922,0.460551331485761
"28","BARSTOW","2017-Q1",112950,2017-01-01,450.355067662032,90360,129.8925,580.247567662032,23209.9027064813,0.656144754045466
"29","BAY POINT","2017-Q1",338500,2017-01-01,1349.66968042141,270800,389.275,1738.94468042141,69557.7872168563,0.360365836032173
"30","BEAUMONT","2017-Q1",3e+05,2017-01-01,1196.16219830553,240000,345,1541.16219830553,61646.4879322212,0.555301304603502
"31","BELMONT","2017-Q1",1570000,2017-01-01,6259.91550446561,1256000,1805.5,8065.41550446561,322616.620178624,0.18468705293387
"32","BENICIA","2017-Q1",538000,2017-01-01,2145.11754229458,430400,618.7,2763.81754229458,110552.701691783,0.415609970122502
"33","BERKELEY","2017-Q1",1072500,2017-01-01,4276.27985894227,858000,1233.375,5509.65485894227,220386.194357691,0.134536823590602
"34","BERMUDA DUNES","2017-Q1",302500,2017-01-01,1206.13021662474,242000,347.875,1554.00521662474,62160.2086649897,0.489236015973467
"35","BLOOMINGTON","2017-Q1",290000,2017-01-01,1156.29012502868,232000,333.5,1489.79012502868,59591.6050011472,0.439292796094736
"36","BONITA","2017-Q1",621800,2017-01-01,2479.2455163546,497440,715.07,3194.3155163546,127772.620654184,0.354684064720437
"37","BOULDER CREEK","2017-Q1",575000,2017-01-01,2292.64421341893,460000,661.25,2953.89421341893,118155.768536757,0.350110951818278
"38","BREA","2017-Q1",686250,2017-01-01,2736.2210286239,549000,789.1875,3525.4085286239,141016.341144956,0.251982096738017
"39","BRENTWOOD","2017-Q1",555000,2017-01-01,2212.90006686523,444000,638.25,2851.15006686523,114046.002674609,0.401123589331032
"40","BUENA PARK","2017-Q1",545000,2017-01-01,2173.02799358838,436000,626.75,2799.77799358838,111991.119743535,0.279231125921618
"41","BURBANK","2017-Q1",650000,2017-01-01,2591.68476299532,520000,747.5,3339.18476299532,133567.390519813,0.397421162434597
"42","BURBANK","2017-Q1",650000,2017-01-01,2591.68476299532,520000,747.5,3339.18476299532,133567.390519813,0.397421162434597
"43","BURBANK","2017-Q1",650000,2017-01-01,2591.68476299532,520000,747.5,3339.18476299532,133567.390519813,0.397421162434597
"44","BURBANK","2017-Q1",650000,2017-01-01,2591.68476299532,520000,747.5,3339.18476299532,133567.390519813,0.397421162434597
"45","BURBANK","2017-Q1",650000,2017-01-01,2591.68476299532,520000,747.5,3339.18476299532,133567.390519813,0.397421162434597
"46","BURBANK","2017-Q1",650000,2017-01-01,2591.68476299532,520000,747.5,3339.18476299532,133567.390519813,0.397421162434597
"47","BURBANK","2017-Q1",650000,2017-01-01,2591.68476299532,520000,747.5,3339.18476299532,133567.390519813,0.397421162434597
"48","BURBANK","2017-Q1",650000,2017-01-01,2591.68476299532,520000,747.5,3339.18476299532,133567.390519813,0.397421162434597
"49","BURBANK","2017-Q1",650000,2017-01-01,2591.68476299532,520000,747.5,3339.18476299532,133567.390519813,0.397421162434597
"50","BURBANK","2017-Q1",650000,2017-01-01,2591.68476299532,520000,747.5,3339.18476299532,133567.390519813,0.397421162434597
"51","BURBANK","2017-Q1",650000,2017-01-01,2591.68476299532,520000,747.5,3339.18476299532,133567.390519813,0.397421162434597
"52","BURBANK","2017-Q1",650000,2017-01-01,2591.68476299532,520000,747.5,3339.18476299532,133567.390519813,0.397421162434597
"53","BURBANK","2017-Q1",650000,2017-01-01,2591.68476299532,520000,747.5,3339.18476299532,133567.390519813,0.397421162434597
"54","BURBANK","2017-Q1",650000,2017-01-01,2591.68476299532,520000,747.5,3339.18476299532,133567.390519813,0.397421162434597
"55","BURBANK","2017-Q1",650000,2017-01-01,2591.68476299532,520000,747.5,3339.18476299532,133567.390519813,0.397421162434597
"56","BURBANK","2017-Q1",650000,2017-01-01,2591.68476299532,520000,747.5,3339.18476299532,133567.390519813,0.397421162434597
"57","BURBANK","2017-Q1",650000,2017-01-01,2591.68476299532,520000,747.5,3339.18476299532,133567.390519813,0.397421162434597
"58","BURBANK","2017-Q1",650000,2017-01-01,2591.68476299532,520000,747.5,3339.18476299532,133567.390519813,0.397421162434597
"59","BURBANK","2017-Q1",650000,2017-01-01,2591.68476299532,520000,747.5,3339.18476299532,133567.390519813,0.397421162434597
"60","BURBANK","2017-Q1",650000,2017-01-01,2591.68476299532,520000,747.5,3339.18476299532,133567.390519813,0.397421162434597
"61","BURBANK","2017-Q1",650000,2017-01-01,2591.68476299532,520000,747.5,3339.18476299532,133567.390519813,0.397421162434597
"62","BURBANK","2017-Q1",650000,2017-01-01,2591.68476299532,520000,747.5,3339.18476299532,133567.390519813,0.397421162434597
"63","BURBANK","2017-Q1",650000,2017-01-01,2591.68476299532,520000,747.5,3339.18476299532,133567.390519813,0.397421162434597
"64","BURBANK","2017-Q1",650000,2017-01-01,2591.68476299532,520000,747.5,3339.18476299532,133567.390519813,0.397421162434597
"65","BURBANK","2017-Q1",650000,2017-01-01,2591.68476299532,520000,747.5,3339.18476299532,133567.390519813,0.397421162434597
"66","BURBANK","2017-Q1",650000,2017-01-01,2591.68476299532,520000,747.5,3339.18476299532,133567.390519813,0.397421162434597
"67","BURBANK","2017-Q1",650000,2017-01-01,2591.68476299532,520000,747.5,3339.18476299532,133567.390519813,0.397421162434597
"68","BURBANK","2017-Q1",650000,2017-01-01,2591.68476299532,520000,747.5,3339.18476299532,133567.390519813,0.397421162434597
"69","BURBANK","2017-Q1",650000,2017-01-01,2591.68476299532,520000,747.5,3339.18476299532,133567.390519813,0.397421162434597
"70","BURBANK","2017-Q1",650000,2017-01-01,2591.68476299532,520000,747.5,3339.18476299532,133567.390519813,0.397421162434597
"71","BURBANK","2017-Q1",650000,2017-01-01,2591.68476299532,520000,747.5,3339.18476299532,133567.390519813,0.397421162434597
"72","BURBANK","2017-Q1",650000,2017-01-01,2591.68476299532,520000,747.5,3339.18476299532,133567.390519813,0.397421162434597
"73","BURBANK","2017-Q1",650000,2017-01-01,2591.68476299532,520000,747.5,3339.18476299532,133567.390519813,0.397421162434597
"74","BURBANK","2017-Q1",650000,2017-01-01,2591.68476299532,520000,747.5,3339.18476299532,133567.390519813,0.397421162434597
"75","BURBANK","2017-Q1",650000,2017-01-01,2591.68476299532,520000,747.5,3339.18476299532,133567.390519813,0.397421162434597
"76","BURBANK","2017-Q1",650000,2017-01-01,2591.68476299532,520000,747.5,3339.18476299532,133567.390519813,0.397421162434597
"77","BURBANK","2017-Q1",650000,2017-01-01,2591.68476299532,520000,747.5,3339.18476299532,133567.390519813,0.397421162434597
"78","BURBANK","2017-Q1",650000,2017-01-01,2591.68476299532,520000,747.5,3339.18476299532,133567.390519813,0.397421162434597
"79","BURBANK","2017-Q1",650000,2017-01-01,2591.68476299532,520000,747.5,3339.18476299532,133567.390519813,0.397421162434597
"80","BURBANK","2017-Q1",650000,2017-01-01,2591.68476299532,520000,747.5,3339.18476299532,133567.390519813,0.397421162434597
"81","BURBANK","2017-Q1",650000,2017-01-01,2591.68476299532,520000,747.5,3339.18476299532,133567.390519813,0.397421162434597
"82","BURBANK","2017-Q1",650000,2017-01-01,2591.68476299532,520000,747.5,3339.18476299532,133567.390519813,0.397421162434597
"83","BURBANK","2017-Q1",650000,2017-01-01,2591.68476299532,520000,747.5,3339.18476299532,133567.390519813,0.397421162434597
"84","BURBANK","2017-Q1",650000,2017-01-01,2591.68476299532,520000,747.5,3339.18476299532,133567.390519813,0.397421162434597
"85","BURBANK","2017-Q1",650000,2017-01-01,2591.68476299532,520000,747.5,3339.18476299532,133567.390519813,0.397421162434597
"86","BURBANK","2017-Q1",650000,2017-01-01,2591.68476299532,520000,747.5,3339.18476299532,133567.390519813,0.397421162434597
"87","BURBANK","2017-Q1",650000,2017-01-01,2591.68476299532,520000,747.5,3339.18476299532,133567.390519813,0.397421162434597
"88","BURBANK","2017-Q1",650000,2017-01-01,2591.68476299532,520000,747.5,3339.18476299532,133567.390519813,0.397421162434597
"89","BURBANK","2017-Q1",650000,2017-01-01,2591.68476299532,520000,747.5,3339.18476299532,133567.390519813,0.397421162434597
"90","BURBANK","2017-Q1",650000,2017-01-01,2591.68476299532,520000,747.5,3339.18476299532,133567.390519813,0.397421162434597
"91","BURBANK","2017-Q1",650000,2017-01-01,2591.68476299532,520000,747.5,3339.18476299532,133567.390519813,0.397421162434597
"92","BURBANK","2017-Q1",650000,2017-01-01,2591.68476299532,520000,747.5,3339.18476299532,133567.390519813,0.397421162434597
"93","BURBANK","2017-Q1",650000,2017-01-01,2591.68476299532,520000,747.5,3339.18476299532,133567.390519813,0.397421162434597
"94","BURBANK","2017-Q1",650000,2017-01-01,2591.68476299532,520000,747.5,3339.18476299532,133567.390519813,0.397421162434597
"95","BURBANK","2017-Q1",650000,2017-01-01,2591.68476299532,520000,747.5,3339.18476299532,133567.390519813,0.397421162434597
"96","BURBANK","2017-Q1",650000,2017-01-01,2591.68476299532,520000,747.5,3339.18476299532,133567.390519813,0.397421162434597
"97","BURBANK","2017-Q1",650000,2017-01-01,2591.68476299532,520000,747.5,3339.18476299532,133567.390519813,0.397421162434597
"98","BURBANK","2017-Q1",650000,2017-01-01,2591.68476299532,520000,747.5,3339.18476299532,133567.390519813,0.397421162434597
"99","BURBANK","2017-Q1",650000,2017-01-01,2591.68476299532,520000,747.5,3339.18476299532,133567.390519813,0.397421162434597
"100","BURBANK","2017-Q1",650000,2017-01-01,2591.68476299532,520000,747.5,3339.18476299532,133567.390519813,0.397421162434597
"101","BURBANK","2017-Q1",650000,2017-01-01,2591.68476299532,520000,747.5,3339.18476299532,133567.390519813,0.397421162434597
"102","BURBANK","2017-Q1",650000,2017-01-01,2591.68476299532,520000,747.5,3339.18476299532,133567.390519813,0.397421162434597
"103","BURBANK","2017-Q1",650000,2017-01-01,2591.68476299532,520000,747.5,3339.18476299532,133567.390519813,0.397421162434597
"104","BURBANK","2017-Q1",650000,2017-01-01,2591.68476299532,520000,747.5,3339.18476299532,133567.390519813,0.397421162434597
"105","BURBANK","2017-Q1",650000,2017-01-01,2591.68476299532,520000,747.5,3339.18476299532,133567.390519813,0.397421162434597
"106","BURBANK","2017-Q1",650000,2017-01-01,2591.68476299532,520000,747.5,3339.18476299532,133567.390519813,0.397421162434597
"107","BURBANK","2017-Q1",650000,2017-01-01,2591.68476299532,520000,747.5,3339.18476299532,133567.390519813,0.397421162434597
"108","BURBANK","2017-Q1",650000,2017-01-01,2591.68476299532,520000,747.5,3339.18476299532,133567.390519813,0.397421162434597
"109","BURBANK","2017-Q1",650000,2017-01-01,2591.68476299532,520000,747.5,3339.18476299532,133567.390519813,0.397421162434597
"110","BURBANK","2017-Q1",650000,2017-01-01,2591.68476299532,520000,747.5,3339.18476299532,133567.390519813,0.397421162434597
"111","BURBANK","2017-Q1",650000,2017-01-01,2591.68476299532,520000,747.5,3339.18476299532,133567.390519813,0.397421162434597
"112","BURBANK","2017-Q1",650000,2017-01-01,2591.68476299532,520000,747.5,3339.18476299532,133567.390519813,0.397421162434597
"113","BURBANK","2017-Q1",650000,2017-01-01,2591.68476299532,520000,747.5,3339.18476299532,133567.390519813,0.397421162434597
"114","BURBANK","2017-Q1",650000,2017-01-01,2591.68476299532,520000,747.5,3339.18476299532,133567.390519813,0.397421162434597
"115","BURBANK","2017-Q1",650000,2017-01-01,2591.68476299532,520000,747.5,3339.18476299532,133567.390519813,0.397421162434597
"116","BURBANK","2017-Q1",650000,2017-01-01,2591.68476299532,520000,747.5,3339.18476299532,133567.390519813,0.397421162434597
"117","BURBANK","2017-Q1",650000,2017-01-01,2591.68476299532,520000,747.5,3339.18476299532,133567.390519813,0.397421162434597
"118","BURBANK","2017-Q1",650000,2017-01-01,2591.68476299532,520000,747.5,3339.18476299532,133567.390519813,0.397421162434597
"119","BURBANK","2017-Q1",650000,2017-01-01,2591.68476299532,520000,747.5,3339.18476299532,133567.390519813,0.397421162434597
"120","BURBANK","2017-Q1",650000,2017-01-01,2591.68476299532,520000,747.5,3339.18476299532,133567.390519813,0.397421162434597
"121","BURBANK","2017-Q1",650000,2017-01-01,2591.68476299532,520000,747.5,3339.18476299532,133567.390519813,0.397421162434597
"122","BURBANK","2017-Q1",650000,2017-01-01,2591.68476299532,520000,747.5,3339.18476299532,133567.390519813,0.397421162434597
"123","BURBANK","2017-Q1",650000,2017-01-01,2591.68476299532,520000,747.5,3339.18476299532,133567.390519813,0.397421162434597
"124","BURBANK","2017-Q1",650000,2017-01-01,2591.68476299532,520000,747.5,3339.18476299532,133567.390519813,0.397421162434597
"125","BURBANK","2017-Q1",650000,2017-01-01,2591.68476299532,520000,747.5,3339.18476299532,133567.390519813,0.397421162434597
"126","BURBANK","2017-Q1",650000,2017-01-01,2591.68476299532,520000,747.5,3339.18476299532,133567.390519813,0.397421162434597
"127","BURBANK","2017-Q1",650000,2017-01-01,2591.68476299532,520000,747.5,3339.18476299532,133567.390519813,0.397421162434597
"128","BURBANK","2017-Q1",650000,2017-01-01,2591.68476299532,520000,747.5,3339.18476299532,133567.390519813,0.397421162434597
"129","BURBANK","2017-Q1",650000,2017-01-01,2591.68476299532,520000,747.5,3339.18476299532,133567.390519813,0.397421162434597
"130","BURBANK","2017-Q1",650000,2017-01-01,2591.68476299532,520000,747.5,3339.18476299532,133567.390519813,0.397421162434597
"131","BURBANK","2017-Q1",650000,2017-01-01,2591.68476299532,520000,747.5,3339.18476299532,133567.390519813,0.397421162434597
"132","BURBANK","2017-Q1",650000,2017-01-01,2591.68476299532,520000,747.5,3339.18476299532,133567.390519813,0.397421162434597
"133","BURBANK","2017-Q1",650000,2017-01-01,2591.68476299532,520000,747.5,3339.18476299532,133567.390519813,0.397421162434597
"134","BURBANK","2017-Q1",650000,2017-01-01,2591.68476299532,520000,747.5,3339.18476299532,133567.390519813,0.397421162434597
"135","BURBANK","2017-Q1",650000,2017-01-01,2591.68476299532,520000,747.5,3339.18476299532,133567.390519813,0.397421162434597
"136","BURBANK","2017-Q1",650000,2017-01-01,2591.68476299532,520000,747.5,3339.18476299532,133567.390519813,0.397421162434597
"137","BURBANK","2017-Q1",650000,2017-01-01,2591.68476299532,520000,747.5,3339.18476299532,133567.390519813,0.397421162434597
"138","BURBANK","2017-Q1",650000,2017-01-01,2591.68476299532,520000,747.5,3339.18476299532,133567.390519813,0.397421162434597
"139","BURBANK","2017-Q1",650000,2017-01-01,2591.68476299532,520000,747.5,3339.18476299532,133567.390519813,0.397421162434597
"140","BURBANK","2017-Q1",650000,2017-01-01,2591.68476299532,520000,747.5,3339.18476299532,133567.390519813,0.397421162434597
"141","BURBANK","2017-Q1",650000,2017-01-01,2591.68476299532,520000,747.5,3339.18476299532,133567.390519813,0.397421162434597
"142","BURBANK","2017-Q1",650000,2017-01-01,2591.68476299532,520000,747.5,3339.18476299532,133567.390519813,0.397421162434597
"143","BURBANK","2017-Q1",650000,2017-01-01,2591.68476299532,520000,747.5,3339.18476299532,133567.390519813,0.397421162434597
"144","BURBANK","2017-Q1",650000,2017-01-01,2591.68476299532,520000,747.5,3339.18476299532,133567.390519813,0.397421162434597
"145","BURBANK","2017-Q1",650000,2017-01-01,2591.68476299532,520000,747.5,3339.18476299532,133567.390519813,0.397421162434597
"146","BURBANK","2017-Q1",650000,2017-01-01,2591.68476299532,520000,747.5,3339.18476299532,133567.390519813,0.397421162434597
"147","BURBANK","2017-Q1",650000,2017-01-01,2591.68476299532,520000,747.5,3339.18476299532,133567.390519813,0.397421162434597
"148","BURBANK","2017-Q1",650000,2017-01-01,2591.68476299532,520000,747.5,3339.18476299532,133567.390519813,0.397421162434597
"149","BURBANK","2017-Q1",650000,2017-01-01,2591.68476299532,520000,747.5,3339.18476299532,133567.390519813,0.397421162434597
"150","BURBANK","2017-Q1",650000,2017-01-01,2591.68476299532,520000,747.5,3339.18476299532,133567.390519813,0.397421162434597
"151","BURBANK","2017-Q1",650000,2017-01-01,2591.68476299532,520000,747.5,3339.18476299532,133567.390519813,0.397421162434597
"152","BURBANK","2017-Q1",650000,2017-01-01,2591.68476299532,520000,747.5,3339.18476299532,133567.390519813,0.397421162434597
"153","BURBANK","2017-Q1",650000,2017-01-01,2591.68476299532,520000,747.5,3339.18476299532,133567.390519813,0.397421162434597
"154","BURBANK","2017-Q1",650000,2017-01-01,2591.68476299532,520000,747.5,3339.18476299532,133567.390519813,0.397421162434597
"155","BURBANK","2017-Q1",650000,2017-01-01,2591.68476299532,520000,747.5,3339.18476299532,133567.390519813,0.397421162434597
"156","BURBANK","2017-Q1",650000,2017-01-01,2591.68476299532,520000,747.5,3339.18476299532,133567.390519813,0.397421162434597
"157","BURBANK","2017-Q1",650000,2017-01-01,2591.68476299532,520000,747.5,3339.18476299532,133567.390519813,0.397421162434597
"158","BURBANK","2017-Q1",650000,2017-01-01,2591.68476299532,520000,747.5,3339.18476299532,133567.390519813,0.397421162434597
"159","BURBANK","2017-Q1",650000,2017-01-01,2591.68476299532,520000,747.5,3339.18476299532,133567.390519813,0.397421162434597
"160","BURBANK","2017-Q1",650000,2017-01-01,2591.68476299532,520000,747.5,3339.18476299532,133567.390519813,0.397421162434597
"161","BURBANK","2017-Q1",650000,2017-01-01,2591.68476299532,520000,747.5,3339.18476299532,133567.390519813,0.397421162434597
"162","BURBANK","2017-Q1",650000,2017-01-01,2591.68476299532,520000,747.5,3339.18476299532,133567.390519813,0.397421162434597
"163","BURBANK","2017-Q1",650000,2017-01-01,2591.68476299532,520000,747.5,3339.18476299532,133567.390519813,0.397421162434597
"164","BURBANK","2017-Q1",650000,2017-01-01,2591.68476299532,520000,747.5,3339.18476299532,133567.390519813,0.397421162434597
"165","BURBANK","2017-Q1",650000,2017-01-01,2591.68476299532,520000,747.5,3339.18476299532,133567.390519813,0.397421162434597
"166","BURBANK","2017-Q1",650000,2017-01-01,2591.68476299532,520000,747.5,3339.18476299532,133567.390519813,0.397421162434597
"167","BURBANK","2017-Q1",650000,2017-01-01,2591.68476299532,520000,747.5,3339.18476299532,133567.390519813,0.397421162434597
"168","BURBANK","2017-Q1",650000,2017-01-01,2591.68476299532,520000,747.5,3339.18476299532,133567.390519813,0.397421162434597
"169","BURLINGAME","2017-Q1",1828000,2017-01-01,7288.61499500837,1462400,2102.2,9390.81499500837,375632.599800335,0.172213497073619
"170","CALABASAS","2017-Q1",1282500,2017-01-01,5113.59339775614,1026000,1474.875,6588.46839775614,263538.735910246,0.225293389110503
"171","CALIFORNIA CITY","2017-Q1",130000,2017-01-01,518.336952599063,104000,149.5,667.836952599063,26713.4781039625,0.717074594720837
"172","CAMARILLO","2017-Q1",542400,2017-01-01,2162.6612545364,433920,623.76,2786.4212545364,111456.850181456,0.375035767645752
"173","CAMBRIA","2017-Q1",540000,2017-01-01,2153.09195694996,432000,621,2774.09195694996,110963.678277998,0.297391146564901
"174","CAMERON PARK","2017-Q1",412750,2017-01-01,1645.71982450203,330200,474.6625,2120.38232450203,84815.292980081,0.486714818117464
"175","CAMPBELL","2017-Q1",1169025,2017-01-01,4661.14504624708,935220,1344.37875,6005.52379624708,240220.951849883,0.120966926850737
"176","CANYON LAKE","2017-Q1",412500,2017-01-01,1644.7230226701,330000,474.375,2119.0980226701,84763.9209068042,0.444372396974082
"177","CARLSBAD","2017-Q1",773750,2017-01-01,3085.10166979635,619000,889.8125,3974.91416979635,158996.566791854,0.268402415815272
"178","CARMICHAEL","2017-Q1",340000,2017-01-01,1355.65049141293,272000,391,1746.65049141293,69866.0196565174,0.437382479408806
"179","CARSON","2017-Q1",432500,2017-01-01,1724.46716922381,346000,497.375,2221.84216922381,88873.6867689523,0.412906943548492
"180","CASTRO VALLEY","2017-Q1",745000,2017-01-01,2970.4694591254,596000,856.75,3827.2194591254,153088.778365016,0.255051191440797
"181","CATHEDRAL CITY","2017-Q1",254000,2017-01-01,1012.75066123202,203200,292.1,1304.85066123202,52194.0264492806,0.439061885542717
"182","CERES","2017-Q1",250000,2017-01-01,996.801831921276,2e+05,287.5,1284.30183192128,51372.073276851,0.502148072796458
"183","CHICO","2017-Q1",303000,2017-01-01,1208.12382028859,242400,348.45,1556.57382028859,62262.9528115434,0.394140282236649
"184","CHINO","2017-Q1",430000,2017-01-01,1714.49915090459,344000,494.5,2208.99915090459,88359.9660361838,0.399151456402388
"185","CHINO HILLS","2017-Q1",625800,2017-01-01,2495.19434566534,500640,719.67,3214.86434566534,128594.573826613,0.333558371516428
"186","CHOWCHILLA","2017-Q1",225000,2017-01-01,897.121648729148,180000,258.75,1155.87164872915,46234.8659491659,0.408113906383996
"187","CHULA VISTA","2017-Q1",450000,2017-01-01,1794.2432974583,360000,517.5,2311.7432974583,92469.7318983318,0.369205730141157
"188","CITRUS HEIGHTS","2017-Q1",280000,2017-01-01,1116.41805175183,224000,322,1438.41805175183,57536.7220700731,0.475847576446932
"189","CLAREMONT","2017-Q1",633500,2017-01-01,2525.89584208851,506800,728.525,3254.42084208851,130176.83368354,0.335822962932569
"190","CLAYTON","2017-Q1",745000,2017-01-01,2970.4694591254,596000,856.75,3827.2194591254,153088.778365016,0.404726603509078
"191","CLEARLAKE","2017-Q1",138000,2017-01-01,550.234611220544,110400,158.7,708.934611220544,28357.3844488218,0.452527250422291
"192","CLOVERDALE","2017-Q1",445000,2017-01-01,1774.30726081987,356000,511.75,2286.05726081987,91442.2904327948,0.386282739422819
"193","CLOVIS","2017-Q1",3e+05,2017-01-01,1196.16219830553,240000,345,1541.16219830553,61646.4879322212,0.533746947363822
"194","COACHELLA","2017-Q1",235000,2017-01-01,936.993722005999,188000,270.25,1207.243722006,48289.74888024,0.420673580243322
"195","COALINGA","2017-Q1",170000,2017-01-01,677.825245706467,136000,195.5,873.325245706467,34933.0098282587,0.656329247112823
"196","COARSEGOLD","2017-Q1",244000,2017-01-01,972.878587955165,195200,280.6,1253.47858795516,50139.1435182066,0.433504241718471
"197","COLFAX","2017-Q1",386500,2017-01-01,1541.05563215029,309200,444.475,1985.53063215029,79421.2252860117,0.388697451052259
"198","COLTON","2017-Q1",249000,2017-01-01,992.81462459359,199200,286.35,1279.16462459359,51166.5849837436,0.42229183483889
"199","COMPTON","2017-Q1",340000,2017-01-01,1355.65049141293,272000,391,1746.65049141293,69866.0196565174,0.306810672155349
"200","CONCORD","2017-Q1",515000,2017-01-01,2053.41177375783,412000,592.25,2645.66177375783,105826.470950313,0.332476232798898
"201","COPPEROPOLIS","2017-Q1",235000,2017-01-01,936.993722005999,188000,270.25,1207.243722006,48289.74888024,0.630758869486633
"202","CORONA","2017-Q1",430000,2017-01-01,1714.49915090459,344000,494.5,2208.99915090459,88359.9660361838,0.442998674672059
"203","CORONADO","2017-Q1",1454000,2017-01-01,5797.39945445414,1163200,1672.1,7469.49945445414,298779.978178166,0.12216007331138
"204","COSTA MESA","2017-Q1",759500,2017-01-01,3028.28396537683,607600,873.425,3901.70896537683,156068.358615073,0.158805673435011
"205","COTO DE CAZA","2017-Q1",1055000,2017-01-01,4206.50373070778,844000,1213.25,5419.75373070778,216790.149228311,0.382292531615447
"206","COTTONWOOD","2017-Q1",233050,2017-01-01,929.218667717013,186440,268.0075,1197.22616771701,47889.0467086805,0.458234362835699
"207","COVINA","2017-Q1",483000,2017-01-01,1925.8211392719,386400,555.45,2481.2711392719,99250.8455708762,0.301272600926462
"208","CRESTLINE","2017-Q1",192900,2017-01-01,769.132293510456,154320,221.835,990.967293510456,39638.6917404182,0.582384475679893
"209","CUPERTINO","2017-Q1",292500,2017-01-01,1166.25814334789,234000,336.375,1502.63314334789,60105.3257339157,0.799168171913181
"210","CYPRESS","2017-Q1",569900,2017-01-01,2272.30945604774,455920,655.385,2927.69445604774,117107.77824191,0.350777427406178
"211","DALY CITY","2017-Q1",789550,2017-01-01,3148.09954557377,631640,907.9825,4056.08204557377,162243.281822951,0.170178280183015
"212","DANA POINT","2017-Q1",839500,2017-01-01,3347.26055159164,671600,965.425,4312.68555159164,172507.422063666,0.219035851670418
"213","DANVILLE","2017-Q1",1122500,2017-01-01,4475.64022532653,898000,1290.875,5766.51522532653,230660.609013061,0.290474116832028
"214","DAVIS","2017-Q1",554500,2017-01-01,2210.90646320139,443600,637.675,2848.58146320139,113943.258528056,0.285251781620831
"215","DEL MAR","2017-Q1",1320000,2017-01-01,5263.11367254433,1056000,1518,6781.11367254433,271244.546901773,0.143940389762827
"216","DESERT HOT SPRINGS","2017-Q1",190000,2017-01-01,757.569392260169,152000,218.5,976.069392260169,39042.7756904068,0.448022432271199
"217","DIAMOND BAR","2017-Q1",625000,2017-01-01,2492.00457980319,5e+05,718.75,3210.75457980319,128430.183192128,0.3361417890597
"218","DINUBA","2017-Q1",210000,2017-01-01,837.313538813871,168000,241.5,1078.81353881387,43152.5415525549,0.488621428361078
"219","DISCOVERY BAY","2017-Q1",560000,2017-01-01,2232.83610350366,448000,644,2876.83610350366,115073.444140146,0.512031314506295
"220","DIXON","2017-Q1",415000,2017-01-01,1654.69104098932,332000,477.25,2131.94104098932,85277.6416395727,0.393536283388537
"221","DOWNEY","2017-Q1",517000,2017-01-01,2061.3861884132,413600,594.55,2655.9361884132,106237.447536528,0.235996154519325
"222","DUARTE","2017-Q1",442500,2017-01-01,1764.33924250066,354000,508.875,2273.21424250066,90928.5697000263,0.37288177084547
"223","DUBLIN","2017-Q1",780000,2017-01-01,3110.02171559438,624000,897,4007.02171559438,160280.868623775,0.346439330767234
"224","EAST PALO ALTO","2017-Q1",740000,2017-01-01,2950.53342248697,592000,851,3801.53342248697,152061.336899479,0.131933347997532
"225","EASTVALE","2017-Q1",522500,2017-01-01,2083.31582871547,418000,600.875,2684.19082871547,107367.633148619,0.512312540726706
"226","EL CERRITO","2017-Q1",870000,2017-01-01,3468.87037508604,696000,1000.5,4469.37037508604,178774.815003442,0.322151691421994
"227","EL CERRITO","2017-Q1",870000,2017-01-01,3468.87037508604,696000,1000.5,4469.37037508604,178774.815003442,0.322151691421994
"228","EL CERRITO","2017-Q1",870000,2017-01-01,3468.87037508604,696000,1000.5,4469.37037508604,178774.815003442,0.322151691421994
"229","EL CERRITO","2017-Q1",870000,2017-01-01,3468.87037508604,696000,1000.5,4469.37037508604,178774.815003442,0.322151691421994
"230","EL CERRITO","2017-Q1",870000,2017-01-01,3468.87037508604,696000,1000.5,4469.37037508604,178774.815003442,0.322151691421994
"231","EL CERRITO","2017-Q1",870000,2017-01-01,3468.87037508604,696000,1000.5,4469.37037508604,178774.815003442,0.322151691421994
"232","EL CERRITO","2017-Q1",870000,2017-01-01,3468.87037508604,696000,1000.5,4469.37037508604,178774.815003442,0.322151691421994
"233","EL CERRITO","2017-Q1",870000,2017-01-01,3468.87037508604,696000,1000.5,4469.37037508604,178774.815003442,0.322151691421994
"234","EL CERRITO","2017-Q1",870000,2017-01-01,3468.87037508604,696000,1000.5,4469.37037508604,178774.815003442,0.322151691421994
"235","EL CERRITO","2017-Q1",870000,2017-01-01,3468.87037508604,696000,1000.5,4469.37037508604,178774.815003442,0.322151691421994
"236","EL CERRITO","2017-Q1",870000,2017-01-01,3468.87037508604,696000,1000.5,4469.37037508604,178774.815003442,0.322151691421994
"237","EL CERRITO","2017-Q1",870000,2017-01-01,3468.87037508604,696000,1000.5,4469.37037508604,178774.815003442,0.322151691421994
"238","EL CERRITO","2017-Q1",870000,2017-01-01,3468.87037508604,696000,1000.5,4469.37037508604,178774.815003442,0.322151691421994
"239","EL CERRITO","2017-Q1",870000,2017-01-01,3468.87037508604,696000,1000.5,4469.37037508604,178774.815003442,0.322151691421994
"240","EL CERRITO","2017-Q1",870000,2017-01-01,3468.87037508604,696000,1000.5,4469.37037508604,178774.815003442,0.322151691421994
"241","EL CERRITO","2017-Q1",870000,2017-01-01,3468.87037508604,696000,1000.5,4469.37037508604,178774.815003442,0.322151691421994
"242","EL CERRITO","2017-Q1",870000,2017-01-01,3468.87037508604,696000,1000.5,4469.37037508604,178774.815003442,0.322151691421994
"243","EL CERRITO","2017-Q1",870000,2017-01-01,3468.87037508604,696000,1000.5,4469.37037508604,178774.815003442,0.322151691421994
"244","EL CERRITO","2017-Q1",870000,2017-01-01,3468.87037508604,696000,1000.5,4469.37037508604,178774.815003442,0.322151691421994
"245","EL CERRITO","2017-Q1",870000,2017-01-01,3468.87037508604,696000,1000.5,4469.37037508604,178774.815003442,0.322151691421994
"246","EL CERRITO","2017-Q1",870000,2017-01-01,3468.87037508604,696000,1000.5,4469.37037508604,178774.815003442,0.322151691421994
"247","EL CERRITO","2017-Q1",870000,2017-01-01,3468.87037508604,696000,1000.5,4469.37037508604,178774.815003442,0.322151691421994
"248","EL CERRITO","2017-Q1",870000,2017-01-01,3468.87037508604,696000,1000.5,4469.37037508604,178774.815003442,0.322151691421994
"249","EL CERRITO","2017-Q1",870000,2017-01-01,3468.87037508604,696000,1000.5,4469.37037508604,178774.815003442,0.322151691421994
"250","EL CERRITO","2017-Q1",870000,2017-01-01,3468.87037508604,696000,1000.5,4469.37037508604,178774.815003442,0.322151691421994
"251","EL CERRITO","2017-Q1",870000,2017-01-01,3468.87037508604,696000,1000.5,4469.37037508604,178774.815003442,0.322151691421994
"252","EL CERRITO","2017-Q1",870000,2017-01-01,3468.87037508604,696000,1000.5,4469.37037508604,178774.815003442,0.322151691421994
"253","EL CERRITO","2017-Q1",870000,2017-01-01,3468.87037508604,696000,1000.5,4469.37037508604,178774.815003442,0.322151691421994
"254","EL CERRITO","2017-Q1",870000,2017-01-01,3468.87037508604,696000,1000.5,4469.37037508604,178774.815003442,0.322151691421994
"255","EL CERRITO","2017-Q1",870000,2017-01-01,3468.87037508604,696000,1000.5,4469.37037508604,178774.815003442,0.322151691421994
"256","EL CERRITO","2017-Q1",870000,2017-01-01,3468.87037508604,696000,1000.5,4469.37037508604,178774.815003442,0.322151691421994
"257","EL CERRITO","2017-Q1",870000,2017-01-01,3468.87037508604,696000,1000.5,4469.37037508604,178774.815003442,0.322151691421994
"258","EL CERRITO","2017-Q1",870000,2017-01-01,3468.87037508604,696000,1000.5,4469.37037508604,178774.815003442,0.322151691421994
"259","EL CERRITO","2017-Q1",870000,2017-01-01,3468.87037508604,696000,1000.5,4469.37037508604,178774.815003442,0.322151691421994
"260","EL CERRITO","2017-Q1",870000,2017-01-01,3468.87037508604,696000,1000.5,4469.37037508604,178774.815003442,0.322151691421994
"261","EL CERRITO","2017-Q1",870000,2017-01-01,3468.87037508604,696000,1000.5,4469.37037508604,178774.815003442,0.322151691421994
"262","EL CERRITO","2017-Q1",870000,2017-01-01,3468.87037508604,696000,1000.5,4469.37037508604,178774.815003442,0.322151691421994
"263","EL CERRITO","2017-Q1",870000,2017-01-01,3468.87037508604,696000,1000.5,4469.37037508604,178774.815003442,0.322151691421994
"264","EL CERRITO","2017-Q1",870000,2017-01-01,3468.87037508604,696000,1000.5,4469.37037508604,178774.815003442,0.322151691421994
"265","EL CERRITO","2017-Q1",870000,2017-01-01,3468.87037508604,696000,1000.5,4469.37037508604,178774.815003442,0.322151691421994
"266","EL CERRITO","2017-Q1",870000,2017-01-01,3468.87037508604,696000,1000.5,4469.37037508604,178774.815003442,0.322151691421994
"267","EL CERRITO","2017-Q1",870000,2017-01-01,3468.87037508604,696000,1000.5,4469.37037508604,178774.815003442,0.322151691421994
"268","EL CERRITO","2017-Q1",870000,2017-01-01,3468.87037508604,696000,1000.5,4469.37037508604,178774.815003442,0.322151691421994
"269","EL CERRITO","2017-Q1",870000,2017-01-01,3468.87037508604,696000,1000.5,4469.37037508604,178774.815003442,0.322151691421994
"270","EL CERRITO","2017-Q1",870000,2017-01-01,3468.87037508604,696000,1000.5,4469.37037508604,178774.815003442,0.322151691421994
"271","EL CERRITO","2017-Q1",870000,2017-01-01,3468.87037508604,696000,1000.5,4469.37037508604,178774.815003442,0.322151691421994
"272","EL CERRITO","2017-Q1",870000,2017-01-01,3468.87037508604,696000,1000.5,4469.37037508604,178774.815003442,0.322151691421994
"273","EL CERRITO","2017-Q1",870000,2017-01-01,3468.87037508604,696000,1000.5,4469.37037508604,178774.815003442,0.322151691421994
"274","EL CERRITO","2017-Q1",870000,2017-01-01,3468.87037508604,696000,1000.5,4469.37037508604,178774.815003442,0.322151691421994
"275","EL CERRITO","2017-Q1",870000,2017-01-01,3468.87037508604,696000,1000.5,4469.37037508604,178774.815003442,0.322151691421994
"276","EL CERRITO","2017-Q1",870000,2017-01-01,3468.87037508604,696000,1000.5,4469.37037508604,178774.815003442,0.322151691421994
"277","EL CERRITO","2017-Q1",870000,2017-01-01,3468.87037508604,696000,1000.5,4469.37037508604,178774.815003442,0.322151691421994
"278","EL CERRITO","2017-Q1",870000,2017-01-01,3468.87037508604,696000,1000.5,4469.37037508604,178774.815003442,0.322151691421994
"279","EL CERRITO","2017-Q1",870000,2017-01-01,3468.87037508604,696000,1000.5,4469.37037508604,178774.815003442,0.322151691421994
"280","EL CERRITO","2017-Q1",870000,2017-01-01,3468.87037508604,696000,1000.5,4469.37037508604,178774.815003442,0.322151691421994
"281","EL CERRITO","2017-Q1",870000,2017-01-01,3468.87037508604,696000,1000.5,4469.37037508604,178774.815003442,0.322151691421994
"282","EL CERRITO","2017-Q1",870000,2017-01-01,3468.87037508604,696000,1000.5,4469.37037508604,178774.815003442,0.322151691421994
"283","EL CERRITO","2017-Q1",870000,2017-01-01,3468.87037508604,696000,1000.5,4469.37037508604,178774.815003442,0.322151691421994
"284","EL CERRITO","2017-Q1",870000,2017-01-01,3468.87037508604,696000,1000.5,4469.37037508604,178774.815003442,0.322151691421994
"285","EL CERRITO","2017-Q1",870000,2017-01-01,3468.87037508604,696000,1000.5,4469.37037508604,178774.815003442,0.322151691421994
"286","EL CERRITO","2017-Q1",870000,2017-01-01,3468.87037508604,696000,1000.5,4469.37037508604,178774.815003442,0.322151691421994
"287","EL CERRITO","2017-Q1",870000,2017-01-01,3468.87037508604,696000,1000.5,4469.37037508604,178774.815003442,0.322151691421994
"288","EL CERRITO","2017-Q1",870000,2017-01-01,3468.87037508604,696000,1000.5,4469.37037508604,178774.815003442,0.322151691421994
"289","EL CERRITO","2017-Q1",870000,2017-01-01,3468.87037508604,696000,1000.5,4469.37037508604,178774.815003442,0.322151691421994
"290","EL CERRITO","2017-Q1",870000,2017-01-01,3468.87037508604,696000,1000.5,4469.37037508604,178774.815003442,0.322151691421994
"291","EL CERRITO","2017-Q1",870000,2017-01-01,3468.87037508604,696000,1000.5,4469.37037508604,178774.815003442,0.322151691421994
"292","EL CERRITO","2017-Q1",870000,2017-01-01,3468.87037508604,696000,1000.5,4469.37037508604,178774.815003442,0.322151691421994
"293","EL CERRITO","2017-Q1",870000,2017-01-01,3468.87037508604,696000,1000.5,4469.37037508604,178774.815003442,0.322151691421994
"294","EL CERRITO","2017-Q1",870000,2017-01-01,3468.87037508604,696000,1000.5,4469.37037508604,178774.815003442,0.322151691421994
"295","EL CERRITO","2017-Q1",870000,2017-01-01,3468.87037508604,696000,1000.5,4469.37037508604,178774.815003442,0.322151691421994
"296","EL CERRITO","2017-Q1",870000,2017-01-01,3468.87037508604,696000,1000.5,4469.37037508604,178774.815003442,0.322151691421994
"297","EL CERRITO","2017-Q1",870000,2017-01-01,3468.87037508604,696000,1000.5,4469.37037508604,178774.815003442,0.322151691421994
"298","EL CERRITO","2017-Q1",870000,2017-01-01,3468.87037508604,696000,1000.5,4469.37037508604,178774.815003442,0.322151691421994
"299","EL CERRITO","2017-Q1",870000,2017-01-01,3468.87037508604,696000,1000.5,4469.37037508604,178774.815003442,0.322151691421994
"300","EL CERRITO","2017-Q1",870000,2017-01-01,3468.87037508604,696000,1000.5,4469.37037508604,178774.815003442,0.322151691421994
"301","EL CERRITO","2017-Q1",870000,2017-01-01,3468.87037508604,696000,1000.5,4469.37037508604,178774.815003442,0.322151691421994
"302","EL CERRITO","2017-Q1",870000,2017-01-01,3468.87037508604,696000,1000.5,4469.37037508604,178774.815003442,0.322151691421994
"303","EL CERRITO","2017-Q1",870000,2017-01-01,3468.87037508604,696000,1000.5,4469.37037508604,178774.815003442,0.322151691421994
"304","EL CERRITO","2017-Q1",870000,2017-01-01,3468.87037508604,696000,1000.5,4469.37037508604,178774.815003442,0.322151691421994
"305","EL CERRITO","2017-Q1",870000,2017-01-01,3468.87037508604,696000,1000.5,4469.37037508604,178774.815003442,0.322151691421994
"306","EL CERRITO","2017-Q1",870000,2017-01-01,3468.87037508604,696000,1000.5,4469.37037508604,178774.815003442,0.322151691421994
"307","EL CERRITO","2017-Q1",870000,2017-01-01,3468.87037508604,696000,1000.5,4469.37037508604,178774.815003442,0.322151691421994
"308","EL CERRITO","2017-Q1",870000,2017-01-01,3468.87037508604,696000,1000.5,4469.37037508604,178774.815003442,0.322151691421994
"309","EL CERRITO","2017-Q1",870000,2017-01-01,3468.87037508604,696000,1000.5,4469.37037508604,178774.815003442,0.322151691421994
"310","EL CERRITO","2017-Q1",870000,2017-01-01,3468.87037508604,696000,1000.5,4469.37037508604,178774.815003442,0.322151691421994
"311","EL CERRITO","2017-Q1",870000,2017-01-01,3468.87037508604,696000,1000.5,4469.37037508604,178774.815003442,0.322151691421994
"312","EL CERRITO","2017-Q1",870000,2017-01-01,3468.87037508604,696000,1000.5,4469.37037508604,178774.815003442,0.322151691421994
"313","EL CERRITO","2017-Q1",870000,2017-01-01,3468.87037508604,696000,1000.5,4469.37037508604,178774.815003442,0.322151691421994
"314","EL CERRITO","2017-Q1",870000,2017-01-01,3468.87037508604,696000,1000.5,4469.37037508604,178774.815003442,0.322151691421994
"315","EL CERRITO","2017-Q1",870000,2017-01-01,3468.87037508604,696000,1000.5,4469.37037508604,178774.815003442,0.322151691421994
"316","EL CERRITO","2017-Q1",870000,2017-01-01,3468.87037508604,696000,1000.5,4469.37037508604,178774.815003442,0.322151691421994
"317","EL CERRITO","2017-Q1",870000,2017-01-01,3468.87037508604,696000,1000.5,4469.37037508604,178774.815003442,0.322151691421994
"318","EL CERRITO","2017-Q1",870000,2017-01-01,3468.87037508604,696000,1000.5,4469.37037508604,178774.815003442,0.322151691421994
"319","EL CERRITO","2017-Q1",870000,2017-01-01,3468.87037508604,696000,1000.5,4469.37037508604,178774.815003442,0.322151691421994
"320","EL CERRITO","2017-Q1",870000,2017-01-01,3468.87037508604,696000,1000.5,4469.37037508604,178774.815003442,0.322151691421994
"321","EL CERRITO","2017-Q1",870000,2017-01-01,3468.87037508604,696000,1000.5,4469.37037508604,178774.815003442,0.322151691421994
"322","EL CERRITO","2017-Q1",870000,2017-01-01,3468.87037508604,696000,1000.5,4469.37037508604,178774.815003442,0.322151691421994
"323","EL CERRITO","2017-Q1",870000,2017-01-01,3468.87037508604,696000,1000.5,4469.37037508604,178774.815003442,0.322151691421994
"324","EL CERRITO","2017-Q1",870000,2017-01-01,3468.87037508604,696000,1000.5,4469.37037508604,178774.815003442,0.322151691421994
"325","EL CERRITO","2017-Q1",870000,2017-01-01,3468.87037508604,696000,1000.5,4469.37037508604,178774.815003442,0.322151691421994
"326","EL CERRITO","2017-Q1",870000,2017-01-01,3468.87037508604,696000,1000.5,4469.37037508604,178774.815003442,0.322151691421994
"327","EL CERRITO","2017-Q1",870000,2017-01-01,3468.87037508604,696000,1000.5,4469.37037508604,178774.815003442,0.322151691421994
"328","EL CERRITO","2017-Q1",870000,2017-01-01,3468.87037508604,696000,1000.5,4469.37037508604,178774.815003442,0.322151691421994
"329","EL CERRITO","2017-Q1",870000,2017-01-01,3468.87037508604,696000,1000.5,4469.37037508604,178774.815003442,0.322151691421994
"330","EL CERRITO","2017-Q1",870000,2017-01-01,3468.87037508604,696000,1000.5,4469.37037508604,178774.815003442,0.322151691421994
"331","EL CERRITO","2017-Q1",870000,2017-01-01,3468.87037508604,696000,1000.5,4469.37037508604,178774.815003442,0.322151691421994
"332","EL CERRITO","2017-Q1",870000,2017-01-01,3468.87037508604,696000,1000.5,4469.37037508604,178774.815003442,0.322151691421994
"333","EL CERRITO","2017-Q1",870000,2017-01-01,3468.87037508604,696000,1000.5,4469.37037508604,178774.815003442,0.322151691421994
"334","EL CERRITO","2017-Q1",870000,2017-01-01,3468.87037508604,696000,1000.5,4469.37037508604,178774.815003442,0.322151691421994
"335","EL CERRITO","2017-Q1",870000,2017-01-01,3468.87037508604,696000,1000.5,4469.37037508604,178774.815003442,0.322151691421994
"336","EL CERRITO","2017-Q1",870000,2017-01-01,3468.87037508604,696000,1000.5,4469.37037508604,178774.815003442,0.322151691421994
"337","EL CERRITO","2017-Q1",870000,2017-01-01,3468.87037508604,696000,1000.5,4469.37037508604,178774.815003442,0.322151691421994
"338","EL CERRITO","2017-Q1",870000,2017-01-01,3468.87037508604,696000,1000.5,4469.37037508604,178774.815003442,0.322151691421994
"339","EL CERRITO","2017-Q1",870000,2017-01-01,3468.87037508604,696000,1000.5,4469.37037508604,178774.815003442,0.322151691421994
"340","EL CERRITO","2017-Q1",870000,2017-01-01,3468.87037508604,696000,1000.5,4469.37037508604,178774.815003442,0.322151691421994
"341","EL CERRITO","2017-Q1",870000,2017-01-01,3468.87037508604,696000,1000.5,4469.37037508604,178774.815003442,0.322151691421994
"342","EL CERRITO","2017-Q1",870000,2017-01-01,3468.87037508604,696000,1000.5,4469.37037508604,178774.815003442,0.322151691421994
"343","EL CERRITO","2017-Q1",870000,2017-01-01,3468.87037508604,696000,1000.5,4469.37037508604,178774.815003442,0.322151691421994
"344","EL CERRITO","2017-Q1",870000,2017-01-01,3468.87037508604,696000,1000.5,4469.37037508604,178774.815003442,0.322151691421994
"345","EL CERRITO","2017-Q1",870000,2017-01-01,3468.87037508604,696000,1000.5,4469.37037508604,178774.815003442,0.322151691421994
"346","EL CERRITO","2017-Q1",870000,2017-01-01,3468.87037508604,696000,1000.5,4469.37037508604,178774.815003442,0.322151691421994
"347","EL CERRITO","2017-Q1",870000,2017-01-01,3468.87037508604,696000,1000.5,4469.37037508604,178774.815003442,0.322151691421994
"348","EL CERRITO","2017-Q1",870000,2017-01-01,3468.87037508604,696000,1000.5,4469.37037508604,178774.815003442,0.322151691421994
"349","EL CERRITO","2017-Q1",870000,2017-01-01,3468.87037508604,696000,1000.5,4469.37037508604,178774.815003442,0.322151691421994
"350","EL CERRITO","2017-Q1",870000,2017-01-01,3468.87037508604,696000,1000.5,4469.37037508604,178774.815003442,0.322151691421994
"351","EL CERRITO","2017-Q1",870000,2017-01-01,3468.87037508604,696000,1000.5,4469.37037508604,178774.815003442,0.322151691421994
"352","EL CERRITO","2017-Q1",870000,2017-01-01,3468.87037508604,696000,1000.5,4469.37037508604,178774.815003442,0.322151691421994
"353","EL CERRITO","2017-Q1",870000,2017-01-01,3468.87037508604,696000,1000.5,4469.37037508604,178774.815003442,0.322151691421994
"354","EL DORADO HILLS","2017-Q1",580000,2017-01-01,2312.58025005736,464000,667,2979.58025005736,119183.210002294,0.538500081259875
"355","EL MONTE","2017-Q1",478000,2017-01-01,1905.88510263348,382400,549.7,2455.58510263348,98223.4041053391,0.147176965943522
"356","ELK GROVE","2017-Q1",382000,2017-01-01,1523.11319917571,305600,439.3,1962.41319917571,78496.5279670284,0.532534814813861
"357","ENCINITAS","2017-Q1",952500,2017-01-01,3797.81497962006,762000,1095.375,4893.18997962006,195727.599184802,0.201355273038815
"358","ESCONDIDO","2017-Q1",480000,2017-01-01,1913.85951728885,384000,552,2465.85951728885,98634.380691554,0.235323429627481
"359","EUREKA","2017-Q1",273250,2017-01-01,1089.50440228995,218600,314.2375,1403.74190228995,56149.6760915982,0.343991620862384
"360","EXETER","2017-Q1",222500,2017-01-01,887.153630409935,178000,255.875,1143.02863040993,45721.1452163974,0.522801373300155
"361","FAIR OAKS","2017-Q1",379900,2017-01-01,1514.74006378757,303920,436.885,1951.62506378757,78065.0025515028,0.489831595702626
"362","FAIRFIELD","2017-Q1",401000,2017-01-01,1598.87013840173,320800,461.15,2060.02013840173,82400.805536069,0.44705271383151
"363","FALLBROOK","2017-Q1",485000,2017-01-01,1933.79555392727,388000,557.75,2491.54555392727,99661.822157091,0.247484077282212
"364","FELTON","2017-Q1",597500,2017-01-01,2382.35637829185,478000,687.125,3069.48137829185,122779.255131674,0.34278130872437
"365","FOLSOM","2017-Q1",475000,2017-01-01,1893.92348065042,380000,546.25,2440.17348065042,97606.9392260169,0.555305204237921
"366","FONTANA","2017-Q1",347000,2017-01-01,1383.56094270673,277600,399.05,1782.61094270673,71304.4377082692,0.481647205614662
"367","FORESTHILL","2017-Q1",353500,2017-01-01,1409.47779033668,282800,406.525,1816.00279033668,72640.1116134674,0.425231005165987
"368","FORTUNA","2017-Q1",289257.5,2017-01-01,1153.32962358787,231406,332.646125,1485.97574858787,59439.0299435149,0.344937749167711
"369","FOUNTAIN VALLEY","2017-Q1",735000,2017-01-01,2930.59738584855,588000,845.25,3775.84738584855,151033.895433942,0.229145080071645
"370","FREMONT","2017-Q1",910000,2017-01-01,3628.35866819344,728000,1046.5,4674.85866819344,186994.346727738,0.240380168533734
"371","FRESNO","2017-Q1",215000,2017-01-01,857.249575452297,172000,247.25,1104.4995754523,44179.9830180919,0.488108495965709
"372","FULLERTON","2017-Q1",580000,2017-01-01,2312.58025005736,464000,667,2979.58025005736,119183.210002294,0.267976744129139
"373","GALT","2017-Q1",332000,2017-01-01,1323.75283279145,265600,381.8,1705.55283279145,68222.1133116582,0.472199676070042
"374","GARDEN GROVE","2017-Q1",520000,2017-01-01,2073.34781039625,416000,598,2671.34781039625,106853.91241585,0.244601814921789
"375","GARDENA","2017-Q1",465000,2017-01-01,1854.05140737357,372000,534.75,2388.80140737357,95552.0562949429,0.230820926759523
"376","GILROY","2017-Q1",670000,2017-01-01,2671.42890954902,536000,770.5,3441.92890954902,137677.156381961,0.277922998731411
"377","GLENDALE","2017-Q1",758000,2017-01-01,3022.30315438531,606400,871.7,3894.00315438531,155760.126175412,0.140197453957312
"378","GLENDORA","2017-Q1",535000,2017-01-01,2133.15592031153,428000,615.25,2748.40592031153,109936.236812461,0.332364818782501
"379","GOLD RIVER","2017-Q1",462000,2017-01-01,1842.08978539052,369600,531.3,2373.38978539052,94935.5914156207,0.55844387991521
"380","GOLETA","2017-Q1",704000,2017-01-01,2806.99395869031,563200,809.6,3616.59395869031,144663.758347612,0.229156882061826
"381","GRANITE BAY","2017-Q1",735000,2017-01-01,2930.59738584855,588000,845.25,3775.84738584855,151033.895433942,0.397254661076876
"382","GRASS VALLEY","2017-Q1",362000,2017-01-01,1443.36905262201,289600,416.3,1859.66905262201,74386.7621048803,0.250189162056192
"383","GROVER BEACH","2017-Q1",550000,2017-01-01,2192.96403022681,440000,632.5,2825.46403022681,113018.561209072,0.222162891771468
"384","HACIENDA HEIGHTS","2017-Q1",580000,2017-01-01,2312.58025005736,464000,667,2979.58025005736,119183.210002294,0.296509486486037
"385","HALF MOON BAY","2017-Q1",888500,2017-01-01,3542.63371064821,710800,1021.775,4564.40871064821,182576.348425929,0.32967256830555
"386","HANFORD","2017-Q1",222500,2017-01-01,887.153630409935,178000,255.875,1143.02863040993,45721.1452163974,0.551805425328053
"387","HAWTHORNE","2017-Q1",626000,2017-01-01,2495.99178713087,500800,719.9,3215.89178713087,128635.671485235,0.0995187343290625
"388","HAYWARD","2017-Q1",560000,2017-01-01,2232.83610350366,448000,644,2876.83610350366,115073.444140146,0.272901875308543
"389","HEALDSBURG","2017-Q1",740000,2017-01-01,2950.53342248697,592000,851,3801.53342248697,152061.336899479,0.162815989780636
"390","HEMET","2017-Q1",234000,2017-01-01,933.006514678314,187200,269.1,1202.10651467831,48084.2605871326,0.3564504835684
"391","HERCULES","2017-Q1",415000,2017-01-01,1654.69104098932,332000,477.25,2131.94104098932,85277.6416395727,0.612591596877947
"392","HESPERIA","2017-Q1",230000,2017-01-01,917.057685367573,184000,264.5,1181.55768536757,47262.3074147029,0.490916487007279
"393","HIDDEN VALLEY LAKE","2017-Q1",278000,2017-01-01,1108.44363709646,222400,319.7,1428.14363709646,57125.7454838583,0.505549248690001
"394","HIGHLAND","2017-Q1",313000,2017-01-01,1247.99589356544,250400,359.95,1607.94589356544,64317.8357426175,0.436649966070941
"395","HILLSBOROUGH","2017-Q1",4185000,2017-01-01,16686.4626663621,3348000,4812.75,21499.2126663621,859968.506654486,0
"396","HOLLISTER","2017-Q1",505000,2017-01-01,2013.53970048098,404000,580.75,2594.28970048098,103771.588019239,0.300055352226113
"397","HUNTINGTON BEACH","2017-Q1",715000,2017-01-01,2850.85323929485,572000,822.25,3673.10323929485,146924.129571794,0.252494478478511
"398","IMPERIAL BEACH","2017-Q1",517000,2017-01-01,2061.3861884132,413600,594.55,2655.9361884132,106237.447536528,0.15884416751906
"399","INDIAN WELLS","2017-Q1",7e+05,2017-01-01,2791.04512937957,560000,805,3596.04512937957,143841.805175183,0.269512991832277
"400","INDIO","2017-Q1",281000,2017-01-01,1120.40525907951,224800,323.15,1443.55525907951,57742.2103631805,0.448596394703002
"401","IRVINE","2017-Q1",785000,2017-01-01,3129.9577522328,628000,902.75,4032.7077522328,161308.310089312,0.257240365199636
"402","JAMUL","2017-Q1",615696,2017-01-01,2454.90760282641,492556.8,708.0504,3162.95800282641,126518.320113056,0.482789409451531
"403","JOSHUA TREE","2017-Q1",155000,2017-01-01,618.017135791191,124000,178.25,796.267135791191,31850.6854316476,0.622625548905763
"404","KELSEYVILLE","2017-Q1",225000,2017-01-01,897.121648729148,180000,258.75,1155.87164872915,46234.8659491659,0.504598114021113
"405","KINGSBURG","2017-Q1",280000,2017-01-01,1116.41805175183,224000,322,1438.41805175183,57536.7220700731,0.524215469481119
"406","LA HABRA","2017-Q1",472500,2017-01-01,1883.95546233121,378000,543.375,2427.33046233121,97093.2184932484,0.331547313501394
"407","LA MESA","2017-Q1",485000,2017-01-01,1933.79555392727,388000,557.75,2491.54555392727,99661.822157091,0.270527727630935
"408","LA MIRADA","2017-Q1",540000,2017-01-01,2153.09195694996,432000,621,2774.09195694996,110963.678277998,0.365032553553544
"409","LA PUENTE","2017-Q1",415000,2017-01-01,1654.69104098932,332000,477.25,2131.94104098932,85277.6416395727,0.298091867050534
"410","LA QUINTA","2017-Q1",429000,2017-01-01,1710.51194357691,343200,493.35,2203.86194357691,88154.4777430763,0.431147349093521
"411","LA VERNE","2017-Q1",573500,2017-01-01,2286.66340242741,458800,659.525,2946.18840242741,117847.536097096,0.343615021132738
"412","LADERA RANCH","2017-Q1",618000,2017-01-01,2464.09412850939,494400,710.7,3174.79412850939,126991.765140376,0.578348722710583
"413","LAFAYETTE","2017-Q1",1322500,2017-01-01,5273.08169086355,1058000,1520.875,6793.95669086355,271758.267634542,0.251258587936605
"414","LAGUNA BEACH","2017-Q1",1929500,2017-01-01,7693.3165387684,1543600,2218.925,9912.24153876841,396489.661550736,0.16800944052879
"415","LAGUNA HILLS","2017-Q1",647500,2017-01-01,2581.7167446761,518000,744.625,3326.3417446761,133053.669787044,0.358806505873313
"416","LAGUNA NIGUEL","2017-Q1",705000,2017-01-01,2810.981166018,564000,810.75,3621.731166018,144869.24664072,0.356651140090749
"417","LAKE ARROWHEAD","2017-Q1",345000,2017-01-01,1375.58652805136,276000,396.75,1772.33652805136,70893.4611220544,0.479094665088037
"418","LAKE ELSINORE","2017-Q1",337000,2017-01-01,1343.68886942988,269600,387.55,1731.23886942988,69249.5547771952,0.480519057852453
"419","LAKE FOREST","2017-Q1",635000,2017-01-01,2531.87665308004,508000,730.25,3262.12665308004,130485.066123202,0.34591892086408
"420","LAKESIDE","2017-Q1",439500,2017-01-01,1752.3776205176,351600,505.425,2257.8026205176,90312.1048207041,0.372763974747626
"421","LAKEWOOD","2017-Q1",545000,2017-01-01,2173.02799358838,436000,626.75,2799.77799358838,111991.119743535,0.332874112090548
"422","LANCASTER","2017-Q1",230000,2017-01-01,917.057685367573,184000,264.5,1181.55768536757,47262.3074147029,0.529713305338317
"423","LATHROP","2017-Q1",368000,2017-01-01,1467.29229658812,294400,423.2,1890.49229658812,75619.6918635247,0.436564624976111
"424","LEMON GROVE","2017-Q1",417000,2017-01-01,1662.66545564469,333600,479.55,2142.21545564469,85688.6182257875,0.304571080866886
"425","LEMOORE","2017-Q1",233250,2017-01-01,930.01610918255,186600,268.2375,1198.25360918255,47930.144367302,0.525212072992601
"426","LINCOLN","2017-Q1",412000,2017-01-01,1642.72941900626,329600,473.8,2116.52941900626,84661.1767602505,0.447086648364428
"427","LITTLEROCK","2017-Q1",230000,2017-01-01,917.057685367573,184000,264.5,1181.55768536757,47262.3074147029,0.539634575074539
"428","LIVERMORE","2017-Q1",695000,2017-01-01,2771.10909274115,556000,799.25,3570.35909274115,142814.363709646,0.365262706824309
"429","LODI","2017-Q1",291000,2017-01-01,1160.27733235636,232800,334.65,1494.92733235636,59797.0932942546,0.433632657665568
"430","LOMPOC","2017-Q1",331000,2017-01-01,1319.76562546377,264800,380.65,1700.41562546377,68016.6250185508,0.366147963316501
"431","LONG BEACH","2017-Q1",490000,2017-01-01,1953.7315905657,392000,563.5,2517.2315905657,100689.263622628,0.260841349475954
"432","LOOMIS","2017-Q1",636000,2017-01-01,2535.86386040773,508800,731.4,3267.26386040773,130690.554416309,0.241131181301067
"433","LOS ALTOS","2017-Q1",2810000,2017-01-01,11204.0525907951,2248000,3231.5,14435.5525907951,577422.103631806,0
"434","LOS ANGELES","2017-Q1",318625,2017-01-01,1270.42393478367,254900,366.41875,1636.84268478367,65473.7073913466,0.419459668646955
"435","LOS BANOS","2017-Q1",318625,2017-01-01,1270.42393478367,254900,366.41875,1636.84268478367,65473.7073913466,0.367927861640436
"436","LOS GATOS","2017-Q1",1690000,2017-01-01,6738.38038378782,1352000,1943.5,8681.88038378782,347275.215351513,0.210749539371159
"437","LOS OSOS","2017-Q1",533000,2017-01-01,2125.18150565616,426400,612.95,2738.13150565616,109525.260226246,0.243907466088554
"438","MADERA","2017-Q1",209750,2017-01-01,836.31673698195,167800,241.2125,1077.52923698195,43101.169479278,0.498133542551633
"439","MANHATTAN BEACH","2017-Q1",2434375,2017-01-01,9706.35783833342,1947500,2799.53125,12505.8890883334,500235.563533337,0
"440","MANTECA","2017-Q1",361000,2017-01-01,1439.38184529432,288800,415.15,1854.53184529432,74181.2738117729,0.42454137954255
"441","MARINA","2017-Q1",509250,2017-01-01,2030.48533162364,407400,585.6375,2616.12283162364,104644.913264946,0.212175624907363
"442","MARIPOSA","2017-Q1",295000,2017-01-01,1176.2261616671,236000,339.25,1515.4761616671,60619.0464666842,0.327416422348403
"443","MARTINEZ","2017-Q1",589000,2017-01-01,2348.46511600653,471200,677.35,3025.81511600652,121032.604640261,0.32783186470214
"444","MARYSVILLE","2017-Q1",222000,2017-01-01,885.160026746093,177600,255.3,1140.46002674609,45618.4010698437,0.434926886400179
"445","MCKINLEYVILLE","2017-Q1",3e+05,2017-01-01,1196.16219830553,240000,345,1541.16219830553,61646.4879322212,0.42609910856469
"446","MENIFEE","2017-Q1",340000,2017-01-01,1355.65049141293,272000,391,1746.65049141293,69866.0196565174,0.419315768193588
"447","MENLO PARK","2017-Q1",1830000,2017-01-01,7296.58940966374,1464000,2104.5,9401.08940966373,376043.576386549,0.21325092892663
"448","MERCED","2017-Q1",217900,2017-01-01,868.812476702584,174320,250.585,1119.39747670258,44775.8990681033,0.485012890137796
"449","MILL VALLEY","2017-Q1",1450000,2017-01-01,5781.4506251434,1160000,1667.5,7448.9506251434,297958.025005736,0.27121949418339
"450","MILLBRAE","2017-Q1",1327250,2017-01-01,5292.02092567005,1061800,1526.3375,6818.35842567005,272734.337026802,0.120571683070537
"451","MILPITAS","2017-Q1",844000,2017-01-01,3365.20298456623,675200,970.6,4335.80298456623,173432.119382649,0.261618505215101
"452","MISSION VIEJO","2017-Q1",650000,2017-01-01,2591.68476299532,520000,747.5,3339.18476299532,133567.390519813,0.360554508197396
"453","MODESTO","2017-Q1",252500,2017-01-01,1006.76985024049,202000,290.375,1297.14485024049,51885.7940096195,0.490596498890451
"454","MONROVIA","2017-Q1",618000,2017-01-01,2464.09412850939,494400,710.7,3174.79412850939,126991.765140376,0.250339202830564
"455","MONTCLAIR","2017-Q1",388500,2017-01-01,1549.03004680566,310800,446.775,1995.80504680566,79832.2018722265,0.251504397727361
"456","MONTEREY","2017-Q1",7e+05,2017-01-01,2791.04512937957,560000,805,3596.04512937957,143841.805175183,0.157274651144544
"457","MONTEREY PARK","2017-Q1",590000,2017-01-01,2352.45232333421,472000,678.5,3030.95232333421,121238.092933368,0.20396742092706
"458","MOORPARK","2017-Q1",655999.5,2017-01-01,2615.60601335776,524799.6,754.399425,3370.00543835776,134800.217534311,0.344986271243387
"459","MORAGA","2017-Q1",1223517.5,2017-01-01,4878.41794155096,978814,1407.045125,6285.46306655096,251418.522662038,0.267591232449455
"460","MORENO VALLEY","2017-Q1",290000,2017-01-01,1156.29012502868,232000,333.5,1489.79012502868,59591.6050011472,0.478252082020462
"461","MORGAN HILL","2017-Q1",834879,2017-01-01,3328.83566653041,667903.2,960.11085,4288.94651653041,171557.860661216,0.263836485920294
"462","MORRO BAY","2017-Q1",624950,2017-01-01,2491.8052194368,499960,718.6925,3210.4977194368,128419.908777472,0.134865681044797
"463","MOUNTAIN HOUSE","2017-Q1",531500,2017-01-01,2119.20069466463,425200,611.225,2730.42569466463,109217.027786585,0.480453917917481
"464","MOUNTAIN VIEW","2017-Q1",1420000,2017-01-01,5661.83440531284,1136000,1633,7294.83440531284,291793.376212514,0.154206812081253
"465","MURRIETA","2017-Q1",392500,2017-01-01,1564.9788761164,314000,451.375,2016.3538761164,80654.1550446561,0.463464548126553
"466","NAPA","2017-Q1",647500,2017-01-01,2581.7167446761,518000,744.625,3326.3417446761,133053.669787044,0.214582258992532
"467","NATIONAL CITY","2017-Q1",390000,2017-01-01,1555.01085779719,312000,448.5,2003.51085779719,80140.4343118876,0.23198790179788
"468","NEVADA CITY","2017-Q1",415000,2017-01-01,1654.69104098932,332000,477.25,2131.94104098932,85277.6416395727,0.321644587798156
"469","NEWARK","2017-Q1",710000,2017-01-01,2830.91720265642,568000,816.5,3647.41720265642,145896.688106257,0.252283126094595
"470","NEWMAN","2017-Q1",270500,2017-01-01,1078.53958213882,216400,311.075,1389.61458213882,55584.5832855528,0.395610184616462
"471","NEWPORT BEACH","2017-Q1",1860375,2017-01-01,7417.70083224217,1488300,2139.43125,9557.13208224217,382285.283289687,0.154194595591519
"472","NIPOMO","2017-Q1",555000,2017-01-01,2212.90006686523,444000,638.25,2851.15006686523,114046.002674609,0.248972526390883
"473","NORCO","2017-Q1",522500,2017-01-01,2083.31582871547,418000,600.875,2684.19082871547,107367.633148619,0.391087788475948
"474","NORTH HIGHLANDS","2017-Q1",211000,2017-01-01,841.300746141556,168800,242.65,1083.95074614156,43358.0298456623,0.495207742145287
"475","NORTH TUSTIN","2017-Q1",1100000,2017-01-01,4385.92806045361,880000,1265,5650.92806045361,226037.122418144,0.24207817381626
"476","NORWALK","2017-Q1",430000,2017-01-01,1714.49915090459,344000,494.5,2208.99915090459,88359.9660361838,0.324091800263276
"477","NOVATO","2017-Q1",769822,2017-01-01,3069.4399194132,615857.6,885.2953,3954.7352194132,158189.408776528,0.244343669794429
"478","OAK HILLS","2017-Q1",338250,2017-01-01,1348.67287858949,270600,388.9875,1737.66037858949,69506.4151435794,0.515782409775645
"479","OAKDALE","2017-Q1",335000,2017-01-01,1335.71445477451,268000,385.25,1720.96445477451,68838.5781909804,0.426312392197468
"480","OAKHURST","2017-Q1",240000,2017-01-01,956.929758644425,192000,276,1232.92975864442,49317.190345777,0.432651946434953
"481","OAKLAND","2017-Q1",639000,2017-01-01,2547.82548239078,511200,734.85,3282.67548239078,131307.019295631,0.207435589282955
"482","OAKLEY","2017-Q1",425000,2017-01-01,1694.56311426617,340000,488.75,2183.31311426617,87332.5245706468,0.461842002394109
"483","OCEANSIDE","2017-Q1",460000,2017-01-01,1834.11537073515,368000,529,2363.11537073515,94524.6148294059,0.314858167821601
"484","OJAI","2017-Q1",675000,2017-01-01,2691.36494618744,540000,776.25,3467.61494618744,138704.597847498,0.204344784638374
"485","OLIVEHURST","2017-Q1",179450,2017-01-01,715.504354953091,143560,206.3675,921.871854953091,36874.8741981237,0.584179302677302
"486","ONTARIO","2017-Q1",370000,2017-01-01,1475.26671124349,296000,425.5,1900.76671124349,76030.6684497395,0.329494537532852
"487","ORANGE","2017-Q1",609500,2017-01-01,2430.20286622407,487600,700.925,3131.12786622407,125245.114648963,0.284486839696744
"488","ORANGEVALE","2017-Q1",335000,2017-01-01,1335.71445477451,268000,385.25,1720.96445477451,68838.5781909804,0.523350471083407
"489","ORINDA","2017-Q1",1345000,2017-01-01,5362.79385573646,1076000,1546.75,6909.54385573646,276381.754229459,0.350960548139065
"490","OROVILLE","2017-Q1",205000,2017-01-01,817.377502175446,164000,235.75,1053.12750217545,42125.1000870178,0.435612649862644
"491","OXNARD","2017-Q1",455000,2017-01-01,1814.17933409672,364000,523.25,2337.42933409672,93497.1733638689,0.310495483563057
"492","PACIFIC GROVE","2017-Q1",940000,2017-01-01,3747.974888024,752000,1081,4828.97488802399,193158.99552096,0.115047183351897
"493","PACIFICA","2017-Q1",887500,2017-01-01,3538.64650332053,710000,1020.625,4559.27150332053,182370.860132821,0.232301621903971
"494","PALM DESERT","2017-Q1",307175,2017-01-01,1224.77041088167,245740,353.25125,1578.02166088167,63120.8664352668,0.46566494110333
"495","PALM SPRINGS","2017-Q1",365000,2017-01-01,1455.33067460506,292000,419.75,1875.08067460506,75003.2269842025,0.313023651715898
"496","PALMDALE","2017-Q1",273000,2017-01-01,1088.50760045803,218400,313.95,1402.45760045803,56098.3040183213,0.513882428416977
"497","PALO ALTO","2017-Q1",2477500,2017-01-01,9878.30615433984,1982000,2849.125,12727.4311543398,509097.246173594,0
"498","PALOS VERDES ESTATES","2017-Q1",1775000,2017-01-01,7077.29300664105,1420000,2041.25,9118.54300664106,364741.720265642,0.293917495571575
"499","PARADISE","2017-Q1",230000,2017-01-01,917.057685367573,184000,264.5,1181.55768536757,47262.3074147029,0.47165911185691
"500","PASADENA","2017-Q1",719500,2017-01-01,2868.79567226943,575600,827.425,3696.22067226943,147848.826890777,0.217717784763641
"501","PATTERSON","2017-Q1",327000,2017-01-01,1303.81679615303,261600,376.05,1679.86679615303,67194.6718461211,0.409140058889462
"502","PENN VALLEY","2017-Q1",327000,2017-01-01,1303.81679615303,261600,376.05,1679.86679615303,67194.6718461211,0.456315684801158
"503","PERRIS","2017-Q1",285000,2017-01-01,1136.35408839025,228000,327.75,1464.10408839025,58564.1635356102,0.432091275995566
"504","PETALUMA","2017-Q1",660000,2017-01-01,2631.55683627217,528000,759,3390.55683627217,135622.273450887,0.288564004942128
"505","PHELAN","2017-Q1",210000,2017-01-01,837.313538813871,168000,241.5,1078.81353881387,43152.5415525549,0.610928600148154
"506","PICO RIVERA","2017-Q1",435500,2017-01-01,1736.42879120686,348400,500.825,2237.25379120686,89490.1516482745,0.291582515158248
"507","PINOLE","2017-Q1",484500,2017-01-01,1931.80195026343,387600,557.175,2488.97695026343,99559.0780105373,0.395608835133229
"508","PISMO BEACH","2017-Q1",967000,2017-01-01,3855.62948587149,773600,1112.05,4967.67948587149,198707.17943486,0.074219403670316
"509","PITTSBURG","2017-Q1",418000,2017-01-01,1666.65266297237,334400,480.7,2147.35266297237,85894.1065188949,0.374874353572569
"510","PLACENTIA","2017-Q1",6e+05,2017-01-01,2392.32439661106,480000,690,3082.32439661106,123292.975864442,0.316716318257729
"511","PLACERVILLE","2017-Q1",356500,2017-01-01,1421.43941231974,285200,409.975,1831.41441231974,73256.5764927896,0.346025918902272
"512","PLEASANT HILL","2017-Q1",675000,2017-01-01,2691.36494618744,540000,776.25,3467.61494618744,138704.597847498,0.27758428851945
"513","PLEASANTON","2017-Q1",1e+06,2017-01-01,3987.2073276851,8e+05,1150,5137.2073276851,205488.293107404,0.273138030868683
"514","PLUMAS LAKE","2017-Q1",304999,2017-01-01,1216.09424773663,243999.2,350.74885,1566.84309773663,62673.7239094651,0.612159375681777
"515","POLLOCK PINES","2017-Q1",303500,2017-01-01,1210.11742395243,242800,349.025,1559.14242395243,62365.6969580971,0.440263800837994
"516","POMONA","2017-Q1",365000,2017-01-01,1455.33067460506,292000,419.75,1875.08067460506,75003.2269842025,0.328737949514209
"517","PORTERVILLE","2017-Q1",183000,2017-01-01,729.658940966374,146400,210.45,940.108940966374,37604.3576386549,0.559296387710762
"518","POWAY","2017-Q1",650000,2017-01-01,2591.68476299532,520000,747.5,3339.18476299532,133567.390519813,0.368381603603059
"519","RAMONA","2017-Q1",493000,2017-01-01,1965.69321254876,394400,566.95,2532.64321254875,101305.72850195,0.317035068922529
"520","RANCHO CORDOVA","2017-Q1",305000,2017-01-01,1216.09823494396,244000,350.75,1566.84823494396,62673.9293977582,0.475570668361659
"521","RANCHO CUCAMONGA","2017-Q1",453000,2017-01-01,1806.20491944135,362400,520.95,2327.15491944135,93086.196777654,0.423364266968918
"522","RANCHO MIRAGE","2017-Q1",455000,2017-01-01,1814.17933409672,364000,523.25,2337.42933409672,93497.1733638689,0.395030494189746
"523","RANCHO PALOS VERDES","2017-Q1",1162750,2017-01-01,4636.12532026585,930200,1337.1625,5973.28782026585,238931.512810634,0.201320516650626
"524","RANCHO SANTA FE","2017-Q1",1750000,2017-01-01,6977.61282344893,1400000,2012.5,8990.11282344893,359604.512937957,0.184549661786116
"525","RANCHO SANTA MARGARITA","2017-Q1",585000,2017-01-01,2332.51628669578,468000,672.75,3005.26628669578,120210.651467831,0.472649726733797
"526","REDDING","2017-Q1",245000,2017-01-01,976.86579528285,196000,281.75,1258.61579528285,50344.631811314,0.469007444994416
"527","REDLANDS","2017-Q1",372495,2017-01-01,1485.21479352606,297996,428.36925,1913.58404352606,76543.3617410425,0.454541331875256
"528","REDONDO BEACH","2017-Q1",1049000,2017-01-01,4182.58048674167,839200,1206.35,5388.93048674167,215557.219469667,0.172324750953422
"529","REDWOOD CITY","2017-Q1",1350000,2017-01-01,5382.72989237489,1080000,1552.5,6935.22989237489,277409.195694996,0.136330609136107
"530","REEDLEY","2017-Q1",216000,2017-01-01,861.236782779982,172800,248.4,1109.63678277998,44385.4713111993,0.533676610101692
"531","RIALTO","2017-Q1",306500,2017-01-01,1222.07904593548,245200,352.475,1574.55404593548,62982.1618374194,0.424780763674062
"532","RICHMOND","2017-Q1",385000,2017-01-01,1535.07482115876,308000,442.75,1977.82482115876,79112.9928463506,0.358713498109748
"533","RIO LINDA","2017-Q1",265000,2017-01-01,1056.60994183655,212000,304.75,1361.35994183655,54454.3976734621,0.493472708724842
"534","RIO VISTA","2017-Q1",322500,2017-01-01,1285.87436317845,258000,370.875,1656.74936317845,66269.9745271378,0.480762132387688
"535","RIPON","2017-Q1",395000,2017-01-01,1574.94689443562,316000,454.25,2029.19689443562,81167.8757774246,0.509104582035856
"536","RIVERBANK","2017-Q1",289900,2017-01-01,1155.89140429591,231920,333.385,1489.27640429591,59571.0561718364,0.535784950640599
"537","RIVERSIDE","2017-Q1",360000,2017-01-01,1435.39463796664,288000,414,1849.39463796664,73975.7855186655,0.385760886084539
"538","ROCKLIN","2017-Q1",447750,2017-01-01,1785.272080971,358200,514.9125,2300.184580971,92007.3832388402,0.472600206198427
"539","ROHNERT PARK","2017-Q1",475000,2017-01-01,1893.92348065042,380000,546.25,2440.17348065042,97606.9392260169,0.290929093238193
"540","ROSAMOND","2017-Q1",204450,2017-01-01,815.184538145219,163560,235.1175,1050.30203814522,42012.0815258088,0.645262896175477
"541","ROSEVILLE","2017-Q1",412442,2017-01-01,1644.4917646451,329953.6,474.3083,2118.8000646451,84752.002585804,0.483684883052221
"542","ROWLAND HEIGHTS","2017-Q1",633888,2017-01-01,2527.44287853165,507110.4,728.9712,3256.41407853165,130256.563141266,0.218767806884804
"543","RUNNING SPRINGS","2017-Q1",180138.5,2017-01-01,718.249547198203,144110.8,207.159275,925.408822198203,37016.3528879281,0.740902608987827
"544","SACRAMENTO","2017-Q1",280000,2017-01-01,1116.41805175183,224000,322,1438.41805175183,57536.7220700731,0.471539214309431
"545","SALIDA","2017-Q1",285000,2017-01-01,1136.35408839025,228000,327.75,1464.10408839025,58564.1635356102,0.628964599451027
"546","SALINAS","2017-Q1",449495,2017-01-01,1792.22975775781,359596,516.91925,2309.14900775781,92365.9603103126,0.242963208583922
"547","SAN ANSELMO","2017-Q1",1205000,2017-01-01,4804.58482986055,964000,1385.75,6190.33482986055,247613.393194422,0.180188558981489
"548","SAN BERNARDINO","2017-Q1",243000,2017-01-01,968.89138062748,194400,279.45,1248.34138062748,49933.6552250992,0.386854544345225
"549","SAN BRUNO","2017-Q1",830500,2017-01-01,3311.37568564248,664400,955.075,4266.45068564248,170658.027425699,0.185426801769941
"550","SAN CARLOS","2017-Q1",854500,2017-01-01,3407.06866150692,683600,982.675,4389.74366150692,175589.746460277,0.389820703373187
"551","SAN CLEMENTE","2017-Q1",854500,2017-01-01,3407.06866150692,683600,982.675,4389.74366150692,175589.746460277,0.253987162796415
"552","SAN DIEGO","2017-Q1",542000,2017-01-01,2161.06637160533,433600,623.3,2784.36637160533,111374.654864213,0.311246507507741
"553","SAN DIMAS","2017-Q1",565000,2017-01-01,2252.77214014208,452000,649.75,2902.52214014208,116100.885605683,0.324166550324993
"554","SAN FRANCISCO","2017-Q1",1200000,2017-01-01,4784.64879322212,960000,1380,6164.64879322212,246585.951728885,0.136604746640232
"555","SAN GABRIEL","2017-Q1",715000,2017-01-01,2850.85323929485,572000,822.25,3673.10323929485,146924.129571794,0.158995116132643
"556","SAN JACINTO","2017-Q1",242000,2017-01-01,964.904173299795,193600,278.3,1243.20417329979,49728.1669319918,0.467008073814262
"557","SAN JOSE","2017-Q1",810000,2017-01-01,3229.63793542493,648000,931.5,4161.13793542493,166445.517416997,0.243194246757204
"558","SAN JUAN CAPISTRANO","2017-Q1",7e+05,2017-01-01,2791.04512937957,560000,805,3596.04512937957,143841.805175183,0.271829599859323
"559","SAN LEANDRO","2017-Q1",544500,2017-01-01,2171.03438992454,435600,626.175,2797.20938992454,111888.375596981,0.294577387019653
"560","SAN LORENZO","2017-Q1",542000,2017-01-01,2161.06637160533,433600,623.3,2784.36637160533,111374.654864213,0.356666147429366
"561","SAN LUIS OBISPO","2017-Q1",654000,2017-01-01,2607.63359230606,523200,752.1,3359.73359230606,134389.343692242,0.163708968916809
"562","SAN MARCOS","2017-Q1",580000,2017-01-01,2312.58025005736,464000,667,2979.58025005736,119183.210002294,0.217277238741683
"563","SAN MATEO","2017-Q1",1196500,2017-01-01,4770.69356757522,957200,1375.975,6146.66856757522,245866.742703009,0.142009742917241
"564","SAN PABLO","2017-Q1",368000,2017-01-01,1467.29229658812,294400,423.2,1890.49229658812,75619.6918635247,0.265969486178652
"565","SAN RAFAEL","2017-Q1",845500,2017-01-01,3371.18379555775,676400,972.325,4343.50879555775,173740.35182231,0.217535525216001
"566","SAN RAMON","2017-Q1",898300,2017-01-01,3581.70834245953,718640,1033.045,4614.75334245953,184590.133698381,0.340001549491213
"567","SANGER","2017-Q1",228444,2017-01-01,910.853590765695,182755.2,262.7106,1173.5641907657,46942.5676306278,0.466240512261988
"568","SANTA ANA","2017-Q1",450000,2017-01-01,1794.2432974583,360000,517.5,2311.7432974583,92469.7318983318,0.254114654587369
"569","SANTA BARBARA","2017-Q1",1115000,2017-01-01,4445.73617036889,892000,1282.25,5727.98617036889,229119.446814756,0.0889298391483717
"570","SANTA CLARA","2017-Q1",989000,2017-01-01,3943.34804708057,791200,1137.35,5080.69804708057,203227.921883223,0.179384307839659
"571","SANTA CLARITA","2017-Q1",440000,2017-01-01,1754.37122418144,352000,506,2260.37122418144,90414.8489672578,0.499449460910307
"572","SANTA CRUZ","2017-Q1",780000,2017-01-01,3110.02171559438,624000,897,4007.02171559438,160280.868623775,0.157951149561214
"573","SANTA MARIA","2017-Q1",359500,2017-01-01,1433.40103430279,287600,413.425,1846.82603430279,73873.0413721118,0.351705437095602
"574","SANTA PAULA","2017-Q1",407500,2017-01-01,1624.78698603168,326000,468.625,2093.41198603168,83736.4794412671,0.292260035593822
"575","SANTA ROSA","2017-Q1",521000,2017-01-01,2077.33501772394,416800,599.15,2676.48501772394,107059.400708958,0.276872617022999
"576","SANTEE","2017-Q1",438750,2017-01-01,1749.38721502184,351000,504.5625,2253.94971502184,90157.9886008735,0.447859451691792
"577","SARATOGA","2017-Q1",2230000,2017-01-01,8891.47234073778,1784000,2564.5,11455.9723407378,458238.893629511,0.246084175810905
"578","SCOTTS VALLEY","2017-Q1",670000,2017-01-01,2671.42890954902,536000,770.5,3441.92890954902,137677.156381961,0.376805476695287
"579","SEAL BEACH","2017-Q1",880000,2017-01-01,3508.74244836289,704000,1012,4520.74244836289,180829.697934516,0.145040552089874
"580","SEASIDE","2017-Q1",481000,2017-01-01,1917.84672461653,384800,553.15,2470.99672461653,98839.8689846614,0.232376001282642
"581","SEBASTOPOL","2017-Q1",795000,2017-01-01,3169.82982550966,636000,914.25,4084.07982550966,163363.193020386,0.156995174533842
"582","SELMA","2017-Q1",175000,2017-01-01,697.761282344893,140000,201.25,899.011282344893,35960.4512937957,0.570969794689384
"583","SHASTA LAKE","2017-Q1",185300,2017-01-01,738.82951782005,148240,213.095,951.92451782005,38076.980712802,0.55047697767591
"584","SHINGLE SPRINGS","2017-Q1",499000,2017-01-01,1989.61645651487,399200,573.85,2563.46645651487,102538.658260595,0.408059066822861
"585","SIMI VALLEY","2017-Q1",523000,2017-01-01,2085.30943237931,418400,601.45,2686.75943237931,107470.377295172,0.403533853784592
"586","SOLVANG","2017-Q1",684512.5,2017-01-01,2729.29325589205,547610,787.189375,3516.48263089205,140659.305235682,0.171673858906188
"587","SONOMA","2017-Q1",741250,2017-01-01,2955.51743164658,593000,852.4375,3807.95493164658,152318.197265863,0.232246408573346
"588","SOUTH LAKE TAHOE","2017-Q1",411000,2017-01-01,1638.74221167858,328800,472.65,2111.39221167858,84455.6884671431,0.261594056012421
"589","SPRING VALLEY","2017-Q1",407500,2017-01-01,1624.78698603168,326000,468.625,2093.41198603168,83736.4794412671,0.13118243579999
"590","STEVENSON RANCH","2017-Q1",645000,2017-01-01,2571.74872635689,516000,741.75,3313.49872635689,132539.949054276,0.43912005178974
"591","STOCKTON","2017-Q1",243500,2017-01-01,970.884984291322,194800,280.025,1250.90998429132,50036.3993716529,0.468276675652099
"592","SUISUN CITY","2017-Q1",360000,2017-01-01,1435.39463796664,288000,414,1849.39463796664,73975.7855186655,0.511549541312377
"593","SUNNYVALE","2017-Q1",1260000,2017-01-01,5023.88123288323,1008000,1449,6472.88123288323,258915.249315329,0.147202764102808
"594","SUSANVILLE","2017-Q1",170000,2017-01-01,677.825245706467,136000,195.5,873.325245706467,34933.0098282587,0.610254412726583
"595","TEMECULA","2017-Q1",424000,2017-01-01,1690.57590693848,339200,487.6,2178.17590693848,87127.0362775393,0.478214988833195
"596","TEMPLE CITY","2017-Q1",755000,2017-01-01,3010.34153240225,604000,868.25,3878.59153240225,155143.66129609,0.143914307940146
"597","TEMPLETON","2017-Q1",621500,2017-01-01,2478.04935415629,497200,714.725,3192.77435415629,127710.974166252,0.251301507908015
"598","THOUSAND OAKS","2017-Q1",696500,2017-01-01,2777.08990373267,557200,800.975,3578.06490373267,143122.596149307,0.330480013488883
"599","TORRANCE","2017-Q1",650000,2017-01-01,2591.68476299532,520000,747.5,3339.18476299532,133567.390519813,0.280651027187013
"600","TRACY","2017-Q1",435000,2017-01-01,1734.43518754302,348000,500.25,2234.68518754302,89387.4075017208,0.437861483398471
"601","TRUCKEE","2017-Q1",652500,2017-01-01,2601.65278131453,522000,750.375,3352.02778131453,134081.111252581,0.232569563650343
"602","TULARE","2017-Q1",199000,2017-01-01,793.454258209335,159200,228.85,1022.30425820934,40892.1703283734,0.573523051436322
"603","TURLOCK","2017-Q1",278875,2017-01-01,1111.93244350818,223100,320.70625,1432.63869350818,57305.5477403273,0.469559174680134
"604","TUSTIN","2017-Q1",629000,2017-01-01,2507.95340911393,503200,723.35,3231.30340911393,129252.136364557,0.273782731251912
"605","TWENTYNINE PALMS","2017-Q1",80000,2017-01-01,318.976586214808,64000,92,410.976586214808,16439.0634485923,0.82851425561244
"606","UKIAH","2017-Q1",400050,2017-01-01,1595.08229144043,320040,460.0575,2055.13979144043,82205.591657617,0.270404096390379
"607","UNION CITY","2017-Q1",689000,2017-01-01,2747.18584877504,551200,792.35,3539.53584877503,141581.433951001,0.290526175921521
"608","UPLAND","2017-Q1",490000,2017-01-01,1953.7315905657,392000,563.5,2517.2315905657,100689.263622628,0.278990916645469
"609","VACAVILLE","2017-Q1",4e+05,2017-01-01,1594.88293107404,320000,460,2054.88293107404,82195.3172429617,0.4753411289032
"610","VALLEJO","2017-Q1",340000,2017-01-01,1355.65049141293,272000,391,1746.65049141293,69866.0196565174,0.441943760888547
"611","VALLEY CENTER","2017-Q1",595000,2017-01-01,2372.38835997264,476000,684.25,3056.63835997264,122265.534398905,0.316173725759893
"612","VALLEY SPRINGS","2017-Q1",302250,2017-01-01,1205.13341479282,241800,347.5875,1552.72091479282,62108.8365917129,0.547783377896096
"613","VICTORVILLE","2017-Q1",225000,2017-01-01,897.121648729148,180000,258.75,1155.87164872915,46234.8659491659,0.510964752548476
"614","VISALIA","2017-Q1",228000,2017-01-01,909.083270712203,182400,262.2,1171.2832707122,46851.3308284881,0.571895227055162
"615","VISTA","2017-Q1",484500,2017-01-01,1931.80195026343,387600,557.175,2488.97695026343,99559.0780105373,0.214224041100841
"616","WALNUT","2017-Q1",764000,2017-01-01,3046.22639835142,611200,878.6,3924.82639835142,156993.055934057,0.261068118033266
"617","WALNUT CREEK","2017-Q1",639500,2017-01-01,2549.81908605462,511600,735.425,3285.24408605462,131409.763442185,0.327881239587267
"618","WATSONVILLE","2017-Q1",480000,2017-01-01,1913.85951728885,384000,552,2465.85951728885,98634.380691554,0.218421939972426
"619","WEST COVINA","2017-Q1",5e+05,2017-01-01,1993.60366384255,4e+05,575,2568.60366384255,102744.146553702,0.300128913595129
"620","WEST SACRAMENTO","2017-Q1",355000,2017-01-01,1415.45860132821,284000,408.25,1823.70860132821,72948.3440531284,0.390337897095688
"621","WESTLAKE VILLAGE","2017-Q1",915000,2017-01-01,3648.29470483187,732000,1052.25,4700.54470483187,188021.788193275,0.273364035548338
"622","WESTMINSTER","2017-Q1",597000,2017-01-01,2380.36277462801,477600,686.55,3066.91277462801,122676.51098512,0.188907687283334
"623","WHITTIER","2017-Q1",499000,2017-01-01,1989.61645651487,399200,573.85,2563.46645651487,102538.658260595,0.319551967972038
"624","WILDOMAR","2017-Q1",381500,2017-01-01,1521.11959551187,305200,438.725,1959.84459551187,78393.7838204747,0.413458967883125
"625","WINCHESTER","2017-Q1",383000,2017-01-01,1527.10040650339,306400,440.45,1967.55040650339,78702.0162601358,0.425203428640835
"626","WINDSOR","2017-Q1",530000,2017-01-01,2113.2198836731,424000,609.5,2722.7198836731,108908.795346924,0.43429322855144
"627","WOODLAND","2017-Q1",345000,2017-01-01,1375.58652805136,276000,396.75,1772.33652805136,70893.4611220544,0.403800777360674
"628","WRIGHTWOOD","2017-Q1",308750,2017-01-01,1231.05026242278,247000,355.0625,1586.11276242278,63444.510496911,0.442265558669342
"629","YORBA LINDA","2017-Q1",782250,2017-01-01,3118.99293208167,625800,899.5875,4018.58043208167,160743.217283267,0.342382500679603
"630","YUBA CITY","2017-Q1",257000,2017-01-01,1024.71228321507,205600,295.55,1320.26228321507,52810.4913286029,0.517013826647212
"631","YUCAIPA","2017-Q1",345500,2017-01-01,1377.5801317152,276400,397.325,1774.9051317152,70996.2052686081,0.40959860885057
"632","YUCCA VALLEY","2017-Q1",169000,2017-01-01,673.838038378782,135200,194.35,868.188038378782,34727.5215351513,0.568486675219936
