"","X1","region","Quarter","Price","QuarterEnding","pmt","principal","t_i","pti","min_inc","HAI"
"1",NA,"ACTON","2018-Q2",599950,"2018-04-01",2489.25403018496,479960,689.9425,3179.19653018496,127167.861207398,0.372587049333607
"2",NA,"ADELANTO","2018-Q2",225000,"2018-04-01",933.548056990776,180000,258.75,1192.29805699078,47691.922279631,0.368351489659866
"3",NA,"AGOURA HILLS","2018-Q2",965000,"2018-04-01",4003.88388887155,772000,1109.75,5113.63388887155,204545.355554862,0.297565726054524
"4",NA,"ALAMEDA","2018-Q2",945000,"2018-04-01",3920.90183936126,756000,1086.75,5007.65183936126,200306.07357445,0.198022532387311
"5",NA,"ALAMO","2018-Q2",1745000,"2018-04-01",7240.18381977291,1396000,2006.75,9246.93381977291,369877.352790916,0.318592240133772
"6",NA,"ALHAMBRA","2018-Q2",641500,"2018-04-01",2661.64923804259,513200,737.725,3399.37423804259,135974.969521704,0.166073938772736
"7",NA,"ALISO VIEJO","2018-Q2",590000,"2018-04-01",2447.97046055359,472000,678.5,3126.47046055359,125058.818422144,0.443535270871326
"8",NA,"ALPINE","2018-Q2",622000,"2018-04-01",2580.74173977006,497600,715.3,3296.04173977006,131841.669590802,2.25160319698187
"9",NA,"ALTADENA","2018-Q2",850000,"2018-04-01",3526.73710418738,680000,977.5,4504.23710418738,180169.484167495,0.254252058984321
"10",NA,"AMERICAN CANYON","2018-Q2",519000,"2018-04-01",2153.38418479206,415200,596.85,2750.23418479206,110009.367391682,0.392541330795909
"11",NA,"ANAHEIM","2018-Q2",565000,"2018-04-01",2344.24289866573,452000,649.75,2993.99289866573,119759.715946629,0.251349281857347
"12",NA,"ANDERSON","2018-Q2",227500,"2018-04-01",943.920813179562,182000,261.625,1205.54581317956,48221.8325271825,0.368056303912018
"13",NA,"ANTELOPE","2018-Q2",350000,"2018-04-01",1452.1858664301,280000,402.5,1854.6858664301,74187.4346572038,0.480930359218963
"14",NA,"ANTIOCH","2018-Q2",455500,"2018-04-01",1889.91617759688,364400,523.825,2413.74117759688,96549.6471038753,0.368461615839017
"15",NA,"APPLE VALLEY","2018-Q2",248500,"2018-04-01",1031.05196516537,198800,285.775,1316.82696516537,52673.0786066147,0.49308043044186
"16",NA,"APTOS","2018-Q2",970000,"2018-04-01",4024.62940124912,776000,1115.5,5140.12940124912,205605.176049965,0.140150120964716
"17",NA,"ARCADIA","2018-Q2",1107500,"2018-04-01",4595.13099163238,886000,1273.625,5868.75599163238,234750.239665295,0.139629905790431
"18",NA,"ARCATA","2018-Q2",344453,"2018-04-01",1429.17079499842,275562.4,396.12095,1825.29174499842,73011.6697999367,0.223848058002107
"19",NA,"ARNOLD","2018-Q2",295000,"2018-04-01",1223.9852302768,236000,339.25,1563.2352302768,62529.4092110718,0.458635623597129
"20",NA,"ARROYO GRANDE","2018-Q2",652500,"2018-04-01",2707.28936527325,522000,750.375,3457.66436527325,138306.57461093,0.227515285038249
"21",NA,"ATASCADERO","2018-Q2",5e+05,"2018-04-01",2074.55123775728,4e+05,575,2649.55123775728,105982.049510291,0.316087124728175
"22",NA,"ATWATER","2018-Q2",270000,"2018-04-01",1120.25766838893,216000,310.5,1430.75766838893,57230.3067355573,0.402923343701692
"23",NA,"AUBURN","2018-Q2",499900,"2018-04-01",2074.13632750973,399920,574.885,2649.02132750973,105960.853100389,0.26564003408407
"24",NA,"AZUSA","2018-Q2",448500,"2018-04-01",1860.87246026828,358800,515.775,2376.64746026828,95065.8984107312,0.330450453179121
"25",NA,"BAKERSFIELD","2018-Q2",239900,"2018-04-01",995.369683875943,191920,275.885,1271.25468387594,50850.1873550377,0.591077106149097
"26",NA,"BALDWIN PARK","2018-Q2",421500,"2018-04-01",1748.84669342939,337200,484.725,2233.57169342939,89342.8677371755,0.285511688094083
"27",NA,"BANNING","2018-Q2",260000,"2018-04-01",1078.76664363379,208000,299,1377.76664363379,55110.6657453514,0.423428796498215
"28",NA,"BARSTOW","2018-Q2",144999,"2018-04-01",601.615709847136,115999.2,166.74885,768.364559847136,30734.5823938854,0.597928346098596
"29",NA,"BAY POINT","2018-Q2",5e+05,"2018-04-01",2074.55123775728,4e+05,575,2649.55123775728,105982.049510291,0.208606194231925
"30",NA,"BEAUMONT","2018-Q2",333000,"2018-04-01",1381.65112434635,266400,382.95,1764.60112434635,70584.0449738539,0.518520286847543
"31",NA,"BELMONT","2018-Q2",1761750,"2018-04-01",7309.68128623778,1409400,2026.0125,9335.69378623777,373427.751449511,0.175550987097973
"32",NA,"BENICIA","2018-Q2",655000,"2018-04-01",2717.66212146204,524000,753.25,3470.91212146204,138836.484858481,0.332015666653506
"33",NA,"BERKELEY","2018-Q2",1325000,"2018-04-01",5497.56078005679,1060000,1523.75,7021.31078005679,280852.431202272,0.118971051892967
"34",NA,"BERMUDA DUNES","2018-Q2",328921.5,"2018-04-01",1364.72900989996,263137.2,378.259725,1742.98873489996,69719.5493959985,0.483496214449755
"35",NA,"BLOOMINGTON","2018-Q2",342500,"2018-04-01",1421.06759786374,274000,393.875,1814.94259786374,72597.7039145495,0.354334440675904
"36",NA,"BONITA","2018-Q2",710000,"2018-04-01",2945.86275761534,568000,816.5,3762.36275761534,150494.510304613,0.26364982750146
"37",NA,"BOULDER CREEK","2018-Q2",620000,"2018-04-01",2572.44353481903,496000,713,3285.44353481903,131417.741392761,0.244119439281369
"38",NA,"BREA","2018-Q2",699999,"2018-04-01",2904.36758375772,559999.2,804.99885,3709.36643375772,148374.657350309,0.265698066004654
"39",NA,"BRENTWOOD","2018-Q2",595000,"2018-04-01",2468.71597293116,476000,684.25,3152.96597293116,126118.638917247,0.407588079965749
"40",NA,"BUENA PARK","2018-Q2",585500,"2018-04-01",2429.29949941377,468400,673.325,3102.62449941377,124104.979976551,0.229681860990341
"41",NA,"BURBANK","2018-Q2",806500,"2018-04-01",3346.25114650249,645200,927.475,4273.72614650249,170949.0458601,0.316062229597217
"42",NA,"BURLINGAME","2018-Q2",2337500,"2018-04-01",9698.52703651528,1870000,2688.125,12386.6520365153,495466.081460611,0.119335126686657
"43",NA,"CALABASAS","2018-Q2",1149000,"2018-04-01",4767.31874436623,919200,1321.35,6088.66874436623,243546.749774649,0.258672755589981
"44",NA,"CALIFORNIA CITY","2018-Q2",154900,"2018-04-01",642.695973457205,123920,178.135,820.830973457205,32833.2389382882,0.67285036335161
"45",NA,"CAMARILLO","2018-Q2",620500,"2018-04-01",2574.51808605678,496400,713.575,3288.09308605678,131523.723442271,0.356635886718966
"46",NA,"CAMBRIA","2018-Q2",752750,"2018-04-01",3123.23688844359,602200,865.6625,3988.89938844358,159555.975537743,0.152862356067658
"47",NA,"CAMERON PARK","2018-Q2",492400,"2018-04-01",2043.01805894337,393920,566.26,2609.27805894337,104371.122357735,0.420309170613771
"48",NA,"CAMPBELL","2018-Q2",1430000,"2018-04-01",5933.21653998582,1144000,1644.5,7577.71653998582,303108.661599433,0.131840767238613
"49",NA,"CANYON LAKE","2018-Q2",477500,"2018-04-01",1981.1964320582,382000,549.125,2530.3214320582,101212.857282328,0.356853567024766
"50",NA,"CARLSBAD","2018-Q2",875000,"2018-04-01",3630.46466607524,7e+05,1006.25,4636.71466607524,185468.58664301,0.248741097220036
"51",NA,"CARMICHAEL","2018-Q2",416500,"2018-04-01",1728.10118105181,333200,478.975,2207.07618105181,88283.0472420726,0.377969324854295
"52",NA,"CARSON","2018-Q2",545000,"2018-04-01",2261.26084915544,436000,626.75,2888.01084915544,115520.433966217,0.310162851722675
"53",NA,"CASTRO VALLEY","2018-Q2",895000,"2018-04-01",3713.44671558553,716000,1029.25,4742.69671558553,189707.868623421,0.215600712610147
"54",NA,"CATHEDRAL CITY","2018-Q2",292000,"2018-04-01",1211.53792285025,233600,335.8,1547.33792285025,61893.5169140101,0.393546567045534
"55",NA,"CERES","2018-Q2",297000,"2018-04-01",1232.28343522782,237600,341.55,1573.83343522782,62953.337409113,0.465731571255851
"56",NA,"CHICO","2018-Q2",339000,"2018-04-01",1406.54573919944,271200,389.85,1796.39573919944,71855.8295679774,0.362119102667759
"57",NA,"CHINO","2018-Q2",480000,"2018-04-01",1991.56918824699,384000,552,2543.56918824699,101742.76752988,0.368976023304228
"58",NA,"CHINO HILLS","2018-Q2",639900,"2018-04-01",2655.01067408177,511920,735.885,3390.89567408177,135635.826963271,0.351795248135213
"59",NA,"CHOWCHILLA","2018-Q2",235000,"2018-04-01",975.039081745922,188000,270.25,1245.28908174592,49811.5632698369,0.40696455658357
"60",NA,"CHULA VISTA","2018-Q2",5e+05,"2018-04-01",2074.55123775728,4e+05,575,2649.55123775728,105982.049510291,2.46284479347281
"61",NA,"CITRUS HEIGHTS","2018-Q2",330900,"2018-04-01",1372.93800914777,264720,380.535,1753.47300914777,70138.9203659107,0.400220003124905
"62",NA,"CLAREMONT","2018-Q2",682500,"2018-04-01",2831.76243953869,546000,784.875,3616.63743953869,144665.497581548,0.328357630261186
"63",NA,"CLAYTON","2018-Q2",772500,"2018-04-01",3205.181662335,618000,888.375,4093.556662335,163742.2664934,0.41109908762216
"64",NA,"CLEARLAKE","2018-Q2",153500,"2018-04-01",636.887229991485,122800,176.525,813.412229991485,32536.4891996594,0.445524667605262
"65",NA,"CLOVERDALE","2018-Q2",553500,"2018-04-01",2296.52822019731,442800,636.525,2933.05322019731,117322.128807892,0.278256948928457
"66",NA,"CLOVIS","2018-Q2",340000,"2018-04-01",1410.69484167495,272000,391,1801.69484167495,72067.793666998,0.504044946818042
"67",NA,"COACHELLA","2018-Q2",253500,"2018-04-01",1051.79747754294,202800,291.525,1343.32247754294,53732.8991017176,0.377287499726465
"68",NA,"COALINGA","2018-Q2",217375,"2018-04-01",901.911150614977,173900,249.98125,1151.89240061498,46075.6960245991,0.571694868461235
"69",NA,"COARSEGOLD","2018-Q2",310000,"2018-04-01",1286.22176740951,248000,356.5,1642.72176740951,65708.8706963805,0.44115437014731
"70",NA,"COLFAX","2018-Q2",336250,"2018-04-01",1395.13570739177,269000,386.6875,1781.82320739177,71272.9282956708,0.495282916599476
"71",NA,"COLTON","2018-Q2",3e+05,"2018-04-01",1244.73074265437,240000,345,1589.73074265437,63589.2297061747,0.352942244445971
"72",NA,"COMPTON","2018-Q2",390000,"2018-04-01",1618.14996545068,312000,448.5,2066.64996545068,82665.9986180271,0.257143559230815
"73",NA,"CONCORD","2018-Q2",619000,"2018-04-01",2568.29443234351,495200,711.85,3280.14443234351,131205.777293741,0.272923022207434
"74",NA,"COPPEROPOLIS","2018-Q2",333000,"2018-04-01",1381.65112434635,266400,382.95,1764.60112434635,70584.0449738539,0.484042982887892
"75",NA,"CORONA","2018-Q2",487250,"2018-04-01",2021.65018119447,389800,560.3375,2581.98768119447,103279.507247779,0.38732411668859
"76",NA,"CORONADO","2018-Q2",1605000,"2018-04-01",6659.30947320087,1284000,1845.75,8505.05947320087,340202.378928035,0.115768336152266
"77",NA,"COSTA MESA","2018-Q2",835000,"2018-04-01",3464.50056705466,668000,960.25,4424.75056705466,176990.022682186,0.150335701644026
"78",NA,"COTO DE CAZA","2018-Q2",1285000,"2018-04-01",5331.59668103621,1028000,1477.75,6809.34668103621,272373.867241448,0.322584491762711
"79",NA,"COTTONWOOD","2018-Q2",253000,"2018-04-01",1049.72292630518,202400,290.95,1340.67292630518,53626.9170522074,0.474938035220282
"80",NA,"COVINA","2018-Q2",521000,"2018-04-01",2161.68238974309,416800,599.15,2760.83238974309,110433.295589723,0.293567175574984
"81",NA,"CRESTLINE","2018-Q2",244950,"2018-04-01",1016.32265137729,195960,281.6925,1298.01515137729,51920.6060550917,0.52741693347707
"82",NA,"CUPERTINO","2018-Q2",2210000,"2018-04-01",9169.51647088718,1768000,2541.5,11711.0164708872,468440.658835487,0.172253826986269
"83",NA,"CYPRESS","2018-Q2",650500,"2018-04-01",2698.99116032222,520400,748.075,3447.06616032222,137882.646412889,0.278006197686367
"84",NA,"DALY CITY","2018-Q2",1e+06,"2018-04-01",4149.10247551456,8e+05,1150,5299.10247551456,211964.099020582,0.101986330384431
"85",NA,"DANA POINT","2018-Q2",1050000,"2018-04-01",4356.55759929029,840000,1207.5,5564.05759929029,222562.303971612,0.172410150600475
"86",NA,"DANVILLE","2018-Q2",1320000,"2018-04-01",5476.81526767922,1056000,1518,6994.81526767922,279792.610707169,0.287386949307783
"87",NA,"DAVIS","2018-Q2",715750,"2018-04-01",2969.72009684955,572600,823.1125,3792.83259684955,151713.303873982,0.242242539358548
"88",NA,"DEL MAR","2018-Q2",1850000,"2018-04-01",7675.83957970193,1480000,2127.5,9803.33957970193,392133.583188077,0.125396341268189
"89",NA,"DESERT HOT SPRINGS","2018-Q2",220000,"2018-04-01",912.802544613203,176000,253,1165.8025446132,46632.1017845281,0.36930251473636
"90",NA,"DIAMOND BAR","2018-Q2",642500,"2018-04-01",2665.7983405181,514000,738.875,3404.6733405181,136186.933620724,0.334389082411926
"91",NA,"DINUBA","2018-Q2",236000,"2018-04-01",979.188184221436,188800,271.4,1250.58818422144,50023.5273688575,0.412485390044537
"92",NA,"DISCOVERY BAY","2018-Q2",6e+05,"2018-04-01",2489.46148530874,480000,690,3179.46148530874,127178.459412349,0.445514580093033
"93",NA,"DIXON","2018-Q2",447000,"2018-04-01",1854.64880655501,357600,514.05,2368.69880655501,94747.9522622003,0.398049901350489
"94",NA,"DOWNEY","2018-Q2",550000,"2018-04-01",2282.00636153301,440000,632.5,2914.50636153301,116580.25446132,0.234236124420946
"95",NA,"DUARTE","2018-Q2",527000,"2018-04-01",2186.57700459617,421600,606.05,2792.62700459617,111705.080183847,0.311604024428053
"96",NA,"DUBLIN","2018-Q2",915000,"2018-04-01",3796.42876509582,732000,1052.25,4848.67876509582,193947.150603833,0.303376519122909
"97",NA,"EAST PALO ALTO","2018-Q2",980000,"2018-04-01",4066.12042600427,784000,1127,5193.12042600427,207724.817040171,0.080868855647153
"98",NA,"EASTVALE","2018-Q2",586500,"2018-04-01",2433.44860188929,469200,674.475,3107.92360188929,124316.944075572,0.465587057775471
"99",NA,"EL CAJON","2018-Q2",530992,"2018-04-01",2203.14022167843,424793.6,610.6408,2813.78102167843,112551.240867137,0.174403701098627
"100",NA,"EL CERRITO","2018-Q2",985000,"2018-04-01",4086.86593838184,788000,1132.75,5219.61593838184,208784.637535274,0.270034176469831
"101",NA,"EL DORADO HILLS","2018-Q2",650000,"2018-04-01",2696.91660908446,520000,747.5,3444.41660908446,137776.664363379,0.507104245770955
"102",NA,"EL MONTE","2018-Q2",530000,"2018-04-01",2199.02431202272,424000,609.5,2808.52431202272,112340.972480909,0.130751800816521
"103",NA,"ELK GROVE","2018-Q2",430000,"2018-04-01",1784.11406447126,344000,494.5,2278.61406447126,91144.5625788504,0.497300324491469
"104",NA,"ENCINITAS","2018-Q2",1015000,"2018-04-01",4211.33901264728,812000,1167.25,5378.58901264728,215143.560505891,0.205939350017823
"105",NA,"ESCONDIDO","2018-Q2",525000,"2018-04-01",2178.27879964514,420000,603.75,2782.02879964514,111281.151985806,0.224721758842048
"106",NA,"EUREKA","2018-Q2",266000,"2018-04-01",1103.66125848687,212800,305.9,1409.56125848687,56382.4503394749,0.333766539928854
"107",NA,"EXETER","2018-Q2",245000,"2018-04-01",1016.53010650107,196000,281.75,1298.28010650107,51931.2042600427,0.471361004031363
"108",NA,"FAIR OAKS","2018-Q2",450000,"2018-04-01",1867.09611398155,360000,517.5,2384.59611398155,95383.8445592621,0.452437304664845
"109",NA,"FAIRFIELD","2018-Q2",475000,"2018-04-01",1970.82367586942,380000,546.25,2517.07367586942,100682.947034777,0.369712079751029
"110",NA,"FALLBROOK","2018-Q2",583000,"2018-04-01",2418.92674322499,466400,670.45,3089.37674322499,123575.069729,0.181794627581022
"111",NA,"FELTON","2018-Q2",662500,"2018-04-01",2748.7803900284,530000,761.875,3510.6553900284,140426.215601136,0.227994555788118
"112",NA,"FOLSOM","2018-Q2",542500,"2018-04-01",2250.88809296665,434000,623.875,2874.76309296665,114990.523718666,0.514171635493913
"113",NA,"FONTANA","2018-Q2",407450,"2018-04-01",1690.55180364841,325960,468.5675,2159.11930364841,86364.7721459363,0.412307615229524
"114",NA,"FORESTHILL","2018-Q2",454000,"2018-04-01",1883.69252388361,363200,522.1,2405.79252388361,96231.7009553444,0.349892471755159
"115",NA,"FORTUNA","2018-Q2",295000,"2018-04-01",1223.9852302768,236000,339.25,1563.2352302768,62529.4092110718,0.358187453955392
"116",NA,"FOUNTAIN VALLEY","2018-Q2",780000,"2018-04-01",3236.29993090136,624000,897,4133.29993090136,165331.997236054,0.202874369729989
"117",NA,"FREMONT","2018-Q2",1175000,"2018-04-01",4875.19540872961,940000,1351.25,6226.44540872961,249057.816349184,0.16525881364674
"118",NA,"FRESNO","2018-Q2",255000,"2018-04-01",1058.02113125621,204000,293.25,1351.27113125621,54050.8452502485,0.449050754562864
"119",NA,"FULLERTON","2018-Q2",626750,"2018-04-01",2600.44997652875,501400,720.7625,3321.21247652875,132848.49906115,0.248373740975616
"120",NA,"GALT","2018-Q2",375000,"2018-04-01",1555.91342831796,3e+05,431.25,1987.16342831796,79486.5371327184,0.445984327092609
"121",NA,"GARDEN GROVE","2018-Q2",605000,"2018-04-01",2510.20699768631,484000,695.75,3205.95699768631,128238.279907452,0.175656355650668
"122",NA,"GARDENA","2018-Q2",539000,"2018-04-01",2236.36623430235,431200,619.85,2856.21623430235,114248.649372094,0.193933775585244
"123",NA,"GILROY","2018-Q2",775000,"2018-04-01",3215.55441852378,620000,891.25,4106.80441852378,164272.176740951,0.251626625765922
"124",NA,"GLENDALE","2018-Q2",930000,"2018-04-01",3858.66530222854,744000,1069.5,4928.16530222854,197126.612089142,0.111725196351848
"125",NA,"GLENDORA","2018-Q2",612000,"2018-04-01",2539.25071501491,489600,703.8,3243.05071501491,129722.028600596,0.306534513589434
"126",NA,"GOLD RIVER","2018-Q2",499000,"2018-04-01",2070.40213528177,399200,573.85,2644.25213528177,105770.085411271,0.582565373407151
"127",NA,"GOLETA","2018-Q2",815000,"2018-04-01",3381.51851754437,652000,937.25,4318.76851754437,172750.740701775,0.195236822844585
"128",NA,"GRANITE BAY","2018-Q2",793000,"2018-04-01",3290.23826308305,634400,911.95,4202.18826308305,168087.530523322,0.363030557121334
"129",NA,"GRASS VALLEY","2018-Q2",422500,"2018-04-01",1752.9957959049,338000,485.875,2238.8707959049,89554.8318361961,0.180127685317832
"130",NA,"GROVER BEACH","2018-Q2",520000,"2018-04-01",2157.53328726757,416000,598,2755.53328726757,110221.331490703,0.241622776737613
"131",NA,"HACIENDA HEIGHTS","2018-Q2",660500,"2018-04-01",2740.48218507737,528400,759.575,3500.05718507737,140002.287403095,0.253390588766378
"132",NA,"HALF MOON BAY","2018-Q2",1250000,"2018-04-01",5186.3780943932,1e+06,1437.5,6623.8780943932,264955.123775728,0.244912871344692
"133",NA,"HANFORD","2018-Q2",245000,"2018-04-01",1016.53010650107,196000,281.75,1298.28010650107,51931.2042600427,0.542034971391385
"134",NA,"HAWTHORNE","2018-Q2",730000,"2018-04-01",3028.84480712563,584000,839.5,3868.34480712563,154733.792285025,0.0825694421363624
"135",NA,"HAYWARD","2018-Q2",675000,"2018-04-01",2800.64417097233,540000,776.25,3576.89417097233,143075.766838893,0.21323328112905
"136",NA,"HEALDSBURG","2018-Q2",950000,"2018-04-01",3941.64735173883,760000,1092.5,5034.14735173883,201365.894069553,0.126777953355235
"137",NA,"HEMET","2018-Q2",263250,"2018-04-01",1092.25122667921,210600,302.7375,1394.98872667921,55799.5490671683,0.329621098956018
"138",NA,"HERCULES","2018-Q2",605000,"2018-04-01",2510.20699768631,484000,695.75,3205.95699768631,128238.279907452,0.422872802311905
"139",NA,"HESPERIA","2018-Q2",276000,"2018-04-01",1145.15228324202,220800,317.4,1462.55228324202,58502.0913296807,0.434264759701624
"140",NA,"HIDDEN VALLEY LAKE","2018-Q2",334000,"2018-04-01",1385.80022682186,267200,384.1,1769.90022682186,70796.0090728745,0.482984339183828
"141",NA,"HIGHLAND","2018-Q2",330000,"2018-04-01",1369.2038169198,264000,379.5,1748.7038169198,69948.1526767922,0.442626494110298
"142",NA,"HILLSBOROUGH","2018-Q2",4258667,"2018-04-01",17669.6457920922,3406933.6,4897.46705,22567.1128420922,902684.513683687,0
"143",NA,"HOLLISTER","2018-Q2",565800,"2018-04-01",2347.56218064614,452640,650.67,2998.23218064614,119929.287225846,0.28067486152756
"144",NA,"HUNTINGTON BEACH","2018-Q2",785888,"2018-04-01",3260.72984627719,628710.4,903.7712,4164.50104627719,166580.041851087,0.234808106629339
"145",NA,"IMPERIAL BEACH","2018-Q2",610000,"2018-04-01",2530.95251006388,488000,701.5,3232.45251006388,129298.100402555,0.0917114558506311
"146",NA,"INDIAN WELLS","2018-Q2",735500,"2018-04-01",3051.66487074096,588400,845.825,3897.48987074096,155899.594829638,0.329745456897574
"147",NA,"INDIO","2018-Q2",320762.5,"2018-04-01",1330.87648280224,256610,368.876875,1699.75335780224,67990.1343120896,0.414249957900872
"148",NA,"IRVINE","2018-Q2",859000,"2018-04-01",3564.07902646701,687200,987.85,4551.92902646701,182077.16105868,0.242915159201925
"149",NA,"JAMUL","2018-Q2",615000,"2018-04-01",2551.69802244145,492000,707.25,3258.94802244145,130357.920897658,0.525463510826049
"150",NA,"JOSHUA TREE","2018-Q2",193500,"2018-04-01",802.851329012067,154800,222.525,1025.37632901207,41015.0531604827,0.538470398778377
"151",NA,"KELSEYVILLE","2018-Q2",3e+05,"2018-04-01",1244.73074265437,240000,345,1589.73074265437,63589.2297061747,0.41424685508591
"152",NA,"KINGSBURG","2018-Q2",272500,"2018-04-01",1130.63042457772,218000,313.375,1444.00542457772,57760.2169831087,0.541933887402827
"153",NA,"LA HABRA","2018-Q2",536000,"2018-04-01",2223.9189268758,428800,616.4,2840.3189268758,113612.757075032,0.280660865648205
"154",NA,"LA MESA","2018-Q2",544000,"2018-04-01",2257.11174667992,435200,625.6,2882.71174667992,115308.469867197,0.223200526149598
"155",NA,"LA MIRADA","2018-Q2",604500,"2018-04-01",2508.13244644855,483600,695.175,3203.30744644855,128132.297857942,0.313560775629516
"156",NA,"LA PUENTE","2018-Q2",470000,"2018-04-01",1950.07816349184,376000,540.5,2490.57816349184,99623.1265396737,0.265507356249067
"157",NA,"LA QUINTA","2018-Q2",460000,"2018-04-01",1908.5871387367,368000,529,2437.5871387367,97503.4855494679,0.434404386828444
"158",NA,"LA VERNE","2018-Q2",675000,"2018-04-01",2800.64417097233,540000,776.25,3576.89417097233,143075.766838893,0.253909367247453
"159",NA,"LADERA RANCH","2018-Q2",790000,"2018-04-01",3277.7909556565,632000,908.5,4186.2909556565,167451.63822626,0.457578276031304
"160",NA,"LAFAYETTE","2018-Q2",1600012,"2018-04-01",6638.613750053,1280009.6,1840.0138,8478.627550053,339145.10200212,0.256306764654475
"161",NA,"LAGUNA BEACH","2018-Q2",1800000,"2018-04-01",7468.38445592621,1440000,2070,9538.38445592621,381535.378237048,0.199400947902143
"162",NA,"LAGUNA HILLS","2018-Q2",690000,"2018-04-01",2862.88070810505,552000,793.5,3656.38070810505,146255.228324202,0.335345860090861
"163",NA,"LAGUNA NIGUEL","2018-Q2",805000,"2018-04-01",3340.02749278922,644000,925.75,4265.77749278922,170631.099711569,0.302132442187908
"164",NA,"LAKE ARROWHEAD","2018-Q2",395000,"2018-04-01",1638.89547782825,316000,454.25,2093.14547782825,83725.8191131301,0.433960440816612
"165",NA,"LAKE ELSINORE","2018-Q2",370000,"2018-04-01",1535.16791594039,296000,425.5,1960.66791594039,78426.7166376155,0.416783701028771
"166",NA,"LAKE FOREST","2018-Q2",698000,"2018-04-01",2896.07352790916,558400,802.7,3698.77352790916,147950.941116367,0.314338861136835
"167",NA,"LAKESIDE","2018-Q2",524000,"2018-04-01",2174.12969716963,419200,602.6,2776.72969716963,111069.187886785,0.287136000238025
"168",NA,"LAKEWOOD","2018-Q2",575000,"2018-04-01",2385.73392342087,460000,661.25,3046.98392342087,121879.356936835,0.310111608997105
"169",NA,"LANCASTER","2018-Q2",280000,"2018-04-01",1161.74869314408,224000,322,1483.74869314408,59349.9477257631,0.446264320544499
"170",NA,"LATHROP","2018-Q2",399900,"2018-04-01",1659.22607995827,319920,459.885,2119.11107995827,84764.4431983309,0.385682631692685
"171",NA,"LEMON GROVE","2018-Q2",460000,"2018-04-01",1908.5871387367,368000,529,2437.5871387367,97503.4855494679,0.251859888164375
"172",NA,"LEMOORE","2018-Q2",239000,"2018-04-01",991.63549164798,191200,274.85,1266.48549164798,50659.4196659192,0.526201532751722
"173",NA,"LINCOLN","2018-Q2",465000,"2018-04-01",1929.33265111427,372000,534.75,2464.08265111427,98563.3060445708,0.409339418110513
"174",NA,"LITTLEROCK","2018-Q2",282990,"2018-04-01",1174.15450954587,226392,325.4385,1499.59300954587,59983.7203818346,0.498423454830603
"175",NA,"LIVERMORE","2018-Q2",810000,"2018-04-01",3360.77300516679,648000,931.5,4292.27300516679,171690.920206672,0.335140239540722
"176",NA,"LODI","2018-Q2",339500,"2018-04-01",1408.62029043719,271600,390.425,1799.04529043719,71961.8116174877,0.371900177767566
"177",NA,"LOMPOC","2018-Q2",350000,"2018-04-01",1452.1858664301,280000,402.5,1854.6858664301,74187.4346572038,0.339754614421983
"178",NA,"LONG BEACH","2018-Q2",565000,"2018-04-01",2344.24289866573,452000,649.75,2993.99289866573,119759.715946629,0.227313847083139
"179",NA,"LOOMIS","2018-Q2",660000,"2018-04-01",2738.40763383961,528000,759,3497.40763383961,139896.305353584,0.297978478921936
"180",NA,"LOS ALTOS","2018-Q2",3220000,"2018-04-01",13360.1099711569,2576000,3703,17063.1099711569,682524.398846275,0
"181",NA,"LOS ANGELES","2018-Q2",610000,"2018-04-01",2530.95251006388,488000,701.5,3232.45251006388,129298.100402555,0.205070275968937
"182",NA,"LOS BANOS","2018-Q2",336990,"2018-04-01",1398.20604322365,269592,387.5385,1785.74454322365,71429.7817289461,0.292625415220541
"183",NA,"LOS GATOS","2018-Q2",1750000,"2018-04-01",7260.92933215048,1400000,2012.5,9273.42933215048,370937.173286019,0.240172824983499
"184",NA,"LOS OSOS","2018-Q2",589950,"2018-04-01",2447.76300542981,471960,678.4425,3126.20550542981,125048.220217193,0.224295335033895
"185",NA,"MADERA","2018-Q2",250000,"2018-04-01",1037.27561887864,2e+05,287.5,1324.77561887864,52991.0247551456,0.443548987437512
"186",NA,"MANHATTAN BEACH","2018-Q2",2400000,"2018-04-01",9957.84594123494,1920000,2760,12717.8459412349,508713.837649398,0
"187",NA,"MANTECA","2018-Q2",401500,"2018-04-01",1665.8646439191,321200,461.725,2127.5896439191,85103.5857567638,0.390807093677591
"188",NA,"MARINA","2018-Q2",592500,"2018-04-01",2458.34321674238,474000,681.375,3139.71821674238,125588.728669695,0.15846377638401
"189",NA,"MARIPOSA","2018-Q2",310000,"2018-04-01",1286.22176740951,248000,356.5,1642.72176740951,65708.8706963805,0.270732967314462
"190",NA,"MARTINEZ","2018-Q2",590000,"2018-04-01",2447.97046055359,472000,678.5,3126.47046055359,125058.818422144,0.344199745289302
"191",NA,"MARYSVILLE","2018-Q2",250950,"2018-04-01",1041.21726623038,200760,288.5925,1329.80976623038,53192.3906492152,0.419544714634693
"192",NA,"MCKINLEYVILLE","2018-Q2",332000,"2018-04-01",1377.50202187083,265600,381.8,1759.30202187083,70372.0808748334,0.387185155872327
"193",NA,"MENIFEE","2018-Q2",365500,"2018-04-01",1516.49695480057,292400,420.325,1936.82195480057,77472.8781920229,0.400138414953279
"194",NA,"MENLO PARK","2018-Q2",2451000,"2018-04-01",10169.4501674862,1960800,2818.65,12988.1001674862,519524.006699447,0
"195",NA,"MERCED","2018-Q2",257706.5,"2018-04-01",1069.25067710619,206165.2,296.362475,1365.61315210619,54624.5260842477,0.384117638992186
"196",NA,"MILL VALLEY","2018-Q2",1696000,"2018-04-01",7036.87779847269,1356800,1950.4,8987.27779847269,359491.111938908,0.256670345294238
"197",NA,"MILLBRAE","2018-Q2",1650043,"2018-04-01",6846.19749600547,1320034.4,1897.54945,8743.74694600547,349749.877840219,0.113358529854472
"198",NA,"MILPITAS","2018-Q2",1135000,"2018-04-01",4709.23130970903,908000,1305.25,6014.48130970903,240579.252388361,0.162440459138853
"199",NA,"MISSION VIEJO","2018-Q2",720000,"2018-04-01",2987.35378237048,576000,828,3815.35378237048,152614.151294819,0.320213861201398
"200",NA,"MODESTO","2018-Q2",292000,"2018-04-01",1211.53792285025,233600,335.8,1547.33792285025,61893.5169140101,0.47261633586234
"201",NA,"MONROVIA","2018-Q2",710000,"2018-04-01",2945.86275761534,568000,816.5,3762.36275761534,150494.510304613,0.187923318532242
"202",NA,"MONTCLAIR","2018-Q2",420000,"2018-04-01",1742.62303971612,336000,483,2225.62303971612,89024.9215886446,0.262687264427435
"203",NA,"MONTEREY","2018-Q2",820000,"2018-04-01",3402.26402992194,656000,943,4345.26402992194,173810.561196878,0.156384217425693
"204",NA,"MONTEREY PARK","2018-Q2",584000,"2018-04-01",2423.0758457005,467200,671.6,3094.6758457005,123787.03382802,0.227338116832309
"205",NA,"MOORPARK","2018-Q2",699900,"2018-04-01",2903.95682261264,559920,804.885,3708.84182261264,148353.672904506,0.362345717917112
"206",NA,"MORAGA","2018-Q2",1120500,"2018-04-01",4649.06932381406,896400,1288.575,5937.64432381406,237505.772952563,0.352783049802499
"207",NA,"MORENO VALLEY","2018-Q2",325000,"2018-04-01",1348.45830454223,260000,373.75,1722.20830454223,68888.3321816893,0.441615198919618
"208",NA,"MORGAN HILL","2018-Q2",1005000,"2018-04-01",4169.84798789213,804000,1155.75,5325.59798789213,213023.919515685,0.222946037919494
"209",NA,"MORRO BAY","2018-Q2",672500,"2018-04-01",2790.27141478354,538000,773.375,3563.64641478354,142545.856591342,0.119101907680631
"210",NA,"MOUNTAIN HOUSE","2018-Q2",630000,"2018-04-01",2613.93455957417,504000,724.5,3338.43455957417,133537.382382967,0.3711966482009
"211",NA,"MOUNTAIN VIEW","2018-Q2",1690000,"2018-04-01",7011.98318361961,1352000,1943.5,8955.48318361961,358219.327344784,0.169465527374932
"212",NA,"MURRIETA","2018-Q2",427903,"2018-04-01",1775.41339658011,342322.4,492.08845,2267.50184658011,90700.0738632043,0.448241960152559
"213",NA,"NAPA","2018-Q2",7e+05,"2018-04-01",2904.37173286019,560000,805,3709.37173286019,148374.869314408,0.221260907211691
"214",NA,"NATIONAL CITY","2018-Q2",410000,"2018-04-01",1701.13201496097,328000,471.5,2172.63201496097,86905.2805984388,0.226378383998796
"215",NA,"NEVADA CITY","2018-Q2",511000,"2018-04-01",2120.19136498794,408800,587.65,2707.84136498794,108313.654599518,0.198767977742543
"216",NA,"NEWARK","2018-Q2",972500,"2018-04-01",4035.00215743791,778000,1118.375,5153.37715743791,206135.086297516,0.140502079466621
"217",NA,"NEWMAN","2018-Q2",285000,"2018-04-01",1182.49420552165,228000,327.75,1510.24420552165,60409.768220866,0.473402890188359
"218",NA,"NEWPORT BEACH","2018-Q2",2160000,"2018-04-01",8962.06134711145,1728000,2484,11446.0613471115,457842.453884458,0.147442360696731
"219",NA,"NIPOMO","2018-Q2",575000,"2018-04-01",2385.73392342087,460000,661.25,3046.98392342087,121879.356936835,0.276972956658197
"220",NA,"NORCO","2018-Q2",601500,"2018-04-01",2495.68513902201,481200,691.725,3187.41013902201,127496.40556088,0.354012417191953
"221",NA,"NORTH HIGHLANDS","2018-Q2",255000,"2018-04-01",1058.02113125621,204000,293.25,1351.27113125621,54050.8452502485,0.397434177859501
"222",NA,"NORTH TUSTIN","2018-Q2",1124500,"2018-04-01",4665.66573371612,899600,1293.175,5958.84073371612,238353.629348645,0.253318235269111
"223",NA,"NORWALK","2018-Q2",480000,"2018-04-01",1991.56918824699,384000,552,2543.56918824699,101742.76752988,0.270194690428371
"224",NA,"NOVATO","2018-Q2",870000,"2018-04-01",3609.71915369767,696000,1000.5,4610.21915369767,184408.766147907,0.20964731235655
"225",NA,"OAK HILLS","2018-Q2",385500,"2018-04-01",1599.47900431086,308400,443.325,2042.80400431086,81712.1601724345,0.450435527900294
"226",NA,"OAKDALE","2018-Q2",392931.5,"2018-04-01",1630.31305935765,314345.2,451.871225,2082.18428435765,83287.371374306,0.376280115306302
"227",NA,"OAKHURST","2018-Q2",294000,"2018-04-01",1219.83612780128,235200,338.1,1557.93612780128,62317.4451120512,0.384533709339383
"228",NA,"OAKLAND","2018-Q2",790000,"2018-04-01",3277.7909556565,632000,908.5,4186.2909556565,167451.63822626,0.176139345775962
"229",NA,"OAKLEY","2018-Q2",490500,"2018-04-01",2035.13476423989,392400,564.075,2599.20976423989,103968.390569596,0.435947400456164
"230",NA,"OCEANSIDE","2018-Q2",525000,"2018-04-01",2178.27879964514,420000,603.75,2782.02879964514,111281.151985806,0.259598414636408
"231",NA,"OJAI","2018-Q2",765000,"2018-04-01",3174.06339376864,612000,879.75,4053.81339376864,162152.535750746,0.203621403061521
"232",NA,"OLIVEHURST","2018-Q2",218000,"2018-04-01",904.504339662174,174400,250.7,1155.20433966217,46208.173586487,0.544006224329982
"233",NA,"ONTARIO","2018-Q2",420000,"2018-04-01",1742.62303971612,336000,483,2225.62303971612,89024.9215886446,0.297171937500732
"234",NA,"ORANGE","2018-Q2",690000,"2018-04-01",2862.88070810505,552000,793.5,3656.38070810505,146255.228324202,0.239021703356623
"235",NA,"ORANGEVALE","2018-Q2",385000,"2018-04-01",1597.40445307311,308000,442.75,2040.15445307311,81606.1781229242,0.508958794019624
"236",NA,"ORINDA","2018-Q2",1565000,"2018-04-01",6493.34537418029,1252000,1799.75,8293.09537418029,331723.814967211,0.358894087006506
"237",NA,"OROVILLE","2018-Q2",2e+05,"2018-04-01",829.820495102912,160000,230,1059.82049510291,42392.8198041165,0.465054389748178
"238",NA,"OXNARD","2018-Q2",5e+05,"2018-04-01",2074.55123775728,4e+05,575,2649.55123775728,105982.049510291,0.289780073482242
"239",NA,"PACIFIC GROVE","2018-Q2",878000,"2018-04-01",3642.91197350178,702400,1009.7,4652.61197350178,186104.478940071,0.172203504363758
"240",NA,"PACIFICA","2018-Q2",1105000,"2018-04-01",4584.75823544359,884000,1270.75,5855.50823544359,234220.329417744,0.157883575782686
"241",NA,"PALM DESERT","2018-Q2",350000,"2018-04-01",1452.1858664301,280000,402.5,1854.6858664301,74187.4346572038,0.438498464486326
"242",NA,"PALM SPRINGS","2018-Q2",385000,"2018-04-01",1597.40445307311,308000,442.75,2040.15445307311,81606.1781229242,0.33404692820718
"243",NA,"PALMDALE","2018-Q2",310000,"2018-04-01",1286.22176740951,248000,356.5,1642.72176740951,65708.8706963805,0.450100275797403
"244",NA,"PALO ALTO","2018-Q2",3180000,"2018-04-01",13194.1458721363,2544000,3657,16851.1458721363,674045.834885452,0
"245",NA,"PALOS VERDES ESTATES","2018-Q2",1906500,"2018-04-01",7910.26386956851,1525200,2192.475,10102.7388695685,404109.55478274,0.298241803640953
"246",NA,"PARADISE","2018-Q2",254001,"2018-04-01",1053.87617788317,203200.8,292.10115,1345.97732788317,53839.093115327,0.494787576503
"247",NA,"PASADENA","2018-Q2",887000,"2018-04-01",3680.25389578141,709600,1020.05,4700.30389578141,188012.155831257,0.184197780114657
"248",NA,"PATTERSON","2018-Q2",370000,"2018-04-01",1535.16791594039,296000,425.5,1960.66791594039,78426.7166376155,0.368750222667976
"249",NA,"PENN VALLEY","2018-Q2",365000,"2018-04-01",1514.42240356281,292000,419.75,1934.17240356281,77366.8961425126,0.370948625173395
"250",NA,"PERRIS","2018-Q2",314950,"2018-04-01",1306.75982466331,251960,362.1925,1668.95232466331,66758.0929865324,0.399712237628443
"251",NA,"PETALUMA","2018-Q2",725000,"2018-04-01",3008.09929474806,580000,833.75,3841.84929474806,153673.971789922,0.23974562943746
"252",NA,"PHELAN","2018-Q2",270000,"2018-04-01",1120.25766838893,216000,310.5,1430.75766838893,57230.3067355573,0.5408903889261
"253",NA,"PICO RIVERA","2018-Q2",475000,"2018-04-01",1970.82367586942,380000,546.25,2517.07367586942,100682.947034777,0.251753110115861
"254",NA,"PINOLE","2018-Q2",615000,"2018-04-01",2551.69802244145,492000,707.25,3258.94802244145,130357.920897658,0.28829220084037
"255",NA,"PISMO BEACH","2018-Q2",930000,"2018-04-01",3858.66530222854,744000,1069.5,4928.16530222854,197126.612089142,0.13249237379188
"256",NA,"PITTSBURG","2018-Q2",465000,"2018-04-01",1929.33265111427,372000,534.75,2464.08265111427,98563.3060445708,0.333458723759562
"257",NA,"PLACENTIA","2018-Q2",682500,"2018-04-01",2831.76243953869,546000,784.875,3616.63743953869,144665.497581548,0.260258037565663
"258",NA,"PLACERVILLE","2018-Q2",420375,"2018-04-01",1744.17895314443,336300,483.43125,2227.61020314443,89104.4081257773,0.316932778111835
"259",NA,"PLEASANT HILL","2018-Q2",750000,"2018-04-01",3111.82685663592,6e+05,862.5,3974.32685663592,158973.074265437,0.265614526209578
"260",NA,"PLEASANTON","2018-Q2",1200000,"2018-04-01",4978.92297061747,960000,1380,6358.92297061747,254356.918824699,0.241459722256436
"261",NA,"PLUMAS LAKE","2018-Q2",345000,"2018-04-01",1431.44035405252,276000,396.75,1828.19035405252,73127.6141621009,0.623386675543448
"262",NA,"POLLOCK PINES","2018-Q2",315000,"2018-04-01",1306.96727978709,252000,362.25,1669.21727978709,66768.6911914834,0.49096760749905
"263",NA,"POMONA","2018-Q2",420000,"2018-04-01",1742.62303971612,336000,483,2225.62303971612,89024.9215886446,0.296656879641279
"264",NA,"PORTERVILLE","2018-Q2",205000,"2018-04-01",850.566007480485,164000,235.75,1086.31600748048,43452.6402992194,0.486425849664181
"265",NA,"POWAY","2018-Q2",725000,"2018-04-01",3008.09929474806,580000,833.75,3841.84929474806,153673.971789922,0.321574264734138
"266",NA,"RAMONA","2018-Q2",539500,"2018-04-01",2238.44078554011,431600,620.425,2858.86578554011,114354.631421604,0.284784063794631
"267",NA,"RANCHO CORDOVA","2018-Q2",356250,"2018-04-01",1478.11775690206,285000,409.6875,1887.80525690206,75512.2102760825,0.414953941092957
"268",NA,"RANCHO CUCAMONGA","2018-Q2",515000,"2018-04-01",2136.78777489,412000,592.25,2729.03777489,109161.5109956,0.378267345285895
"269",NA,"RANCHO MIRAGE","2018-Q2",520000,"2018-04-01",2157.53328726757,416000,598,2755.53328726757,110221.331490703,0.371142608494021
"270",NA,"RANCHO PALOS VERDES","2018-Q2",1322500,"2018-04-01",5487.188023868,1058000,1520.875,7008.063023868,280322.52095472,0.204769262078888
"271",NA,"RANCHO SANTA FE","2018-Q2",2273750,"2018-04-01",9434.02175370123,1819000,2614.8125,12048.8342537012,481953.370148049,0.156298000763175
"272",NA,"RANCHO SANTA MARGARITA","2018-Q2",655000,"2018-04-01",2717.66212146204,524000,753.25,3470.91212146204,138836.484858481,0.408681042819132
"273",NA,"REDDING","2018-Q2",284500,"2018-04-01",1180.41965428389,227600,327.175,1507.59465428389,60303.7861713557,0.42713161835942
"274",NA,"REDLANDS","2018-Q2",415000,"2018-04-01",1721.87752733854,332000,477.25,2199.12752733854,87965.1010935417,0.430275697797999
"275",NA,"REDONDO BEACH","2018-Q2",1185000,"2018-04-01",4916.68643348475,948000,1362.75,6279.43643348475,251177.45733939,0.150688253321419
"276",NA,"REDWOOD CITY","2018-Q2",1555000,"2018-04-01",6451.85434942514,1244000,1788.25,8240.10434942514,329604.173977006,0.136849744168914
"277",NA,"REEDLEY","2018-Q2",252499.5,"2018-04-01",1047.64630051619,201999.6,290.374425,1338.02072551619,53520.8290206476,0.467817652649504
"278",NA,"RIALTO","2018-Q2",345000,"2018-04-01",1431.44035405252,276000,396.75,1828.19035405252,73127.6141621009,0.387659055198618
"279",NA,"RICHMOND","2018-Q2",539500,"2018-04-01",2238.44078554011,431600,620.425,2858.86578554011,114354.631421604,0.222474097934353
"280",NA,"RIO LINDA","2018-Q2",295000,"2018-04-01",1223.9852302768,236000,339.25,1563.2352302768,62529.4092110718,0.479751569634928
"281",NA,"RIO VISTA","2018-Q2",365000,"2018-04-01",1514.42240356281,292000,419.75,1934.17240356281,77366.8961425126,0.395472094594247
"282",NA,"RIPON","2018-Q2",515000,"2018-04-01",2136.78777489,412000,592.25,2729.03777489,109161.5109956,0.419849296588573
"283",NA,"RIVERBANK","2018-Q2",325000,"2018-04-01",1348.45830454223,260000,373.75,1722.20830454223,68888.3321816893,0.524340056512953
"284",NA,"RIVERSIDE","2018-Q2",405000,"2018-04-01",1680.3865025834,324000,465.75,2146.1365025834,85845.4601033359,0.366807044817302
"285",NA,"ROCKLIN","2018-Q2",515000,"2018-04-01",2136.78777489,412000,592.25,2729.03777489,109161.5109956,0.419291719587373
"286",NA,"ROHNERT PARK","2018-Q2",525000,"2018-04-01",2178.27879964514,420000,603.75,2782.02879964514,111281.151985806,0.235562810472041
"287",NA,"ROSAMOND","2018-Q2",252000,"2018-04-01",1045.57382382967,201600,289.8,1335.37382382967,53414.9529531868,0.578222202320185
"288",NA,"ROSEVILLE","2018-Q2",465000,"2018-04-01",1929.33265111427,372000,534.75,2464.08265111427,98563.3060445708,0.445469044054728
"289",NA,"ROWLAND HEIGHTS","2018-Q2",628000,"2018-04-01",2605.63635462314,502400,722.2,3327.83635462314,133113.454184926,0.218535268470061
"290",NA,"RUNNING SPRINGS","2018-Q2",204900,"2018-04-01",850.151097232933,163920,235.635,1085.78609723293,43431.4438893173,0.692724503665118
"291",NA,"SACRAMENTO","2018-Q2",326000,"2018-04-01",1352.60740701775,260800,374.9,1727.50740701775,69100.2962807099,0.434252574843006
"292",NA,"SALIDA","2018-Q2",340000,"2018-04-01",1410.69484167495,272000,391,1801.69484167495,72067.793666998,0.552569259868504
"293",NA,"SALINAS","2018-Q2",5e+05,"2018-04-01",2074.55123775728,4e+05,575,2649.55123775728,105982.049510291,0.209333631507224
"294",NA,"SAN ANSELMO","2018-Q2",1355000,"2018-04-01",5622.03385432223,1084000,1558.25,7180.28385432223,287211.354172889,0.193838553665574
"295",NA,"SAN BERNARDINO","2018-Q2",280000,"2018-04-01",1161.74869314408,224000,322,1483.74869314408,59349.9477257631,0.342940358449751
"296",NA,"SAN BRUNO","2018-Q2",1091944,"2018-04-01",4530.58755352327,873555.2,1255.7356,5786.32315352327,231452.926140931,0.112696432409502
"297",NA,"SAN CARLOS","2018-Q2",2008888,"2018-04-01",8335.08217383149,1607110.4,2310.2212,10645.3033738315,425812.13495326,0.197129599869614
"298",NA,"SAN CLEMENTE","2018-Q2",995000,"2018-04-01",4128.35696313699,796000,1144.25,5272.60696313699,210904.27852548,0.245684011650167
"299",NA,"SAN DIEGO","2018-Q2",620000,"2018-04-01",2572.44353481903,496000,713,3285.44353481903,131417.741392761,0.261423108738307
"300",NA,"SAN DIMAS","2018-Q2",599500,"2018-04-01",2487.38693407098,479600,689.425,3176.81193407098,127072.477362839,0.313375614483212
"301",NA,"SAN FRANCISCO","2018-Q2",1385000,"2018-04-01",5746.50692858766,1108000,1592.75,7339.25692858766,293570.277143507,0.162552912565477
"302",NA,"SAN GABRIEL","2018-Q2",730000,"2018-04-01",3028.84480712563,584000,839.5,3868.34480712563,154733.792285025,0.133674050815816
"303",NA,"SAN JACINTO","2018-Q2",285290,"2018-04-01",1183.69744523955,228232,328.0835,1511.78094523955,60471.237809582,0.414376055123962
"304",NA,"SAN JOSE","2018-Q2",1125000,"2018-04-01",4667.74028495388,9e+05,1293.75,5961.49028495388,238459.611398155,0.157707507358693
"305",NA,"SAN JUAN CAPISTRANO","2018-Q2",864000,"2018-04-01",3584.82453884458,691200,993.6,4578.42453884458,183136.981553783,0.223377551499756
"306",NA,"SAN LEANDRO","2018-Q2",670500,"2018-04-01",2781.97320983251,536400,771.075,3553.04820983251,142121.9283933,0.204753870589247
"307",NA,"SAN LORENZO","2018-Q2",682290,"2018-04-01",2830.89112801883,545832,784.6335,3615.52462801883,144620.985120753,0.228185058600974
"308",NA,"SAN LUIS OBISPO","2018-Q2",741930,"2018-04-01",3078.34359965852,593544,853.2195,3931.56309965852,157262.523986341,0.145400898105534
"309",NA,"SAN MARCOS","2018-Q2",639000,"2018-04-01",2651.2764818538,511200,734.85,3386.1264818538,135445.059274152,0.218664643867862
"310",NA,"SAN MATEO","2018-Q2",1465000,"2018-04-01",6078.43512662883,1172000,1684.75,7763.18512662883,310527.405065153,0.135263220365887
"311",NA,"SAN PABLO","2018-Q2",475000,"2018-04-01",1970.82367586942,380000,546.25,2517.07367586942,100682.947034777,0.189096473816649
"312",NA,"SAN RAFAEL","2018-Q2",1100000,"2018-04-01",4564.01272306602,880000,1265,5829.01272306602,233160.508922641,0.169291790286747
"313",NA,"SAN RAMON","2018-Q2",1075000,"2018-04-01",4460.28516117815,860000,1236.25,5696.53516117815,227861.406447126,0.294459467243939
"314",NA,"SANGER","2018-Q2",238000,"2018-04-01",987.486389172465,190400,273.7,1261.18638917247,50447.4555668986,0.492843219717299
"315",NA,"SANTA ANA","2018-Q2",507500,"2018-04-01",2105.66950632364,406000,583.625,2689.29450632364,107571.780252946,0.202211248737571
"316",NA,"SANTA BARBARA","2018-Q2",1180000,"2018-04-01",4895.94092110718,944000,1357,6252.94092110718,250117.636844287,0.0929716837580055
"317",NA,"SANTA CLARA","2018-Q2",1385000,"2018-04-01",5746.50692858766,1108000,1592.75,7339.25692858766,293570.277143507,0.13629534425632
"318",NA,"SANTA CLARITA","2018-Q2",499000,"2018-04-01",2070.40213528177,399200,573.85,2644.25213528177,105770.085411271,0.463177850168064
"319",NA,"SANTA CRUZ","2018-Q2",905000,"2018-04-01",3754.93774034068,724000,1040.75,4795.68774034068,191827.509613627,0.112245249646617
"320",NA,"SANTA MARIA","2018-Q2",395000,"2018-04-01",1638.89547782825,316000,454.25,2093.14547782825,83725.8191131301,0.340662649051355
"321",NA,"SANTA PAULA","2018-Q2",431250,"2018-04-01",1789.30044256565,345000,495.9375,2285.23794256565,91409.5177026262,0.309060588011804
"322",NA,"SANTA ROSA","2018-Q2",610000,"2018-04-01",2530.95251006388,488000,701.5,3232.45251006388,129298.100402555,0.212413569841635
"323",NA,"SANTEE","2018-Q2",5e+05,"2018-04-01",2074.55123775728,4e+05,575,2649.55123775728,105982.049510291,0.383232983511675
"324",NA,"SARATOGA","2018-Q2",2750000,"2018-04-01",11410.031807665,2200000,3162.5,14572.531807665,582901.272306602,0
"325",NA,"SCOTTS VALLEY","2018-Q2",965000,"2018-04-01",4003.88388887155,772000,1109.75,5113.63388887155,204545.355554862,0.210382592454137
"326",NA,"SEAL BEACH","2018-Q2",990000,"2018-04-01",4107.61145075941,792000,1138.5,5246.11145075941,209844.458030377,0.124299586078543
"327",NA,"SEASIDE","2018-Q2",544000,"2018-04-01",2257.11174667992,435200,625.6,2882.71174667992,115308.469867197,0.199437993480338
"328",NA,"SEBASTOPOL","2018-Q2",860000,"2018-04-01",3568.22812894252,688000,989,4557.22812894252,182289.125157701,0.153875374605919
"329",NA,"SELMA","2018-Q2",240000,"2018-04-01",995.784594123494,192000,276,1271.78459412349,50871.3837649398,0.48094909546582
"330",NA,"SHASTA LAKE","2018-Q2",199450,"2018-04-01",827.538488741379,159560,229.3675,1056.90598874138,42276.2395496552,0.549188810078739
"331",NA,"SHINGLE SPRINGS","2018-Q2",569888,"2018-04-01",2364.52371156604,455910.4,655.3712,3019.89491156604,120795.796462642,0.371007569191561
"332",NA,"SIMI VALLEY","2018-Q2",585000,"2018-04-01",2427.22494817602,468000,672.75,3099.97494817602,123998.997927041,0.389553610061315
"333",NA,"SOLVANG","2018-Q2",790000,"2018-04-01",3277.7909556565,632000,908.5,4186.2909556565,167451.63822626,0.153743081813018
"334",NA,"SONOMA","2018-Q2",827000,"2018-04-01",3431.30774725054,661600,951.05,4382.35774725054,175294.309890022,0.17285517874828
"335",NA,"SOUTH LAKE TAHOE","2018-Q2",493000,"2018-04-01",2045.50752042868,394400,566.95,2612.45752042868,104498.300817147,0.21982811992241
"336",NA,"SPRING VALLEY","2018-Q2",439000,"2018-04-01",1821.45598675089,351200,504.85,2326.30598675089,93052.2394700357,0.13662706125848
"337",NA,"STEVENSON RANCH","2018-Q2",761000,"2018-04-01",3157.46698386658,608800,875.15,4032.61698386658,161304.679354663,0.416275369524613
"338",NA,"STOCKTON","2018-Q2",290000,"2018-04-01",1203.23971789922,232000,333.5,1536.73971789922,61469.5887159689,0.409402938006901
"339",NA,"SUISUN CITY","2018-Q2",402000,"2018-04-01",1667.93919515685,321600,462.3,2130.23919515685,85209.5678062741,0.414620069501957
"340",NA,"SUNNYVALE","2018-Q2",1715000,"2018-04-01",7115.71074550747,1372000,1972.25,9087.96074550747,363518.429820299,0.147391355647519
"341",NA,"SUSANVILLE","2018-Q2",202500,"2018-04-01",840.193251291698,162000,232.875,1073.0682512917,42922.7300516679,0.579956035251601
"342",NA,"TEMECULA","2018-Q2",465000,"2018-04-01",1929.33265111427,372000,534.75,2464.08265111427,98563.3060445708,0.468412943133389
"343",NA,"TEMPLE CITY","2018-Q2",849000,"2018-04-01",3522.58800171186,679200,976.35,4498.93800171186,179957.520068474,0.126179505107865
"344",NA,"TEMPLETON","2018-Q2",695000,"2018-04-01",2883.62622048262,556000,799.25,3682.87622048262,147315.048819305,0.196394734719272
"345",NA,"THOUSAND OAKS","2018-Q2",734900,"2018-04-01",3049.17540925565,587920,845.135,3894.31040925565,155772.416370226,0.371932429131358
"346",NA,"TORRANCE","2018-Q2",762500,"2018-04-01",3163.69063757985,610000,876.875,4040.56563757985,161622.625503194,0.237043409254352
"347",NA,"TRACY","2018-Q2",482750,"2018-04-01",2002.97922005465,386200,555.1625,2558.14172005465,102325.668802186,0.394930359955755
"348",NA,"TRUCKEE","2018-Q2",716000,"2018-04-01",2970.75737246842,572800,823.4,3794.15737246842,151766.294898737,0.200219518317696
"349",NA,"TULARE","2018-Q2",209950,"2018-04-01",871.104064734282,167960,241.4425,1112.54656473428,44501.8625893713,0.557583055402558
"350",NA,"TURLOCK","2018-Q2",321000,"2018-04-01",1331.86189464017,256800,369.15,1701.01189464017,68040.475785607,0.449417162432652
"351",NA,"TUSTIN","2018-Q2",710000,"2018-04-01",2945.86275761534,568000,816.5,3762.36275761534,150494.510304613,0.222985089773562
"352",NA,"TWENTYNINE PALMS","2018-Q2",129947.5,"2018-04-01",539.165493936928,103958,149.439625,688.605118936928,27544.2047574771,0.728155437332357
"353",NA,"UKIAH","2018-Q2",418900,"2018-04-01",1738.05902699305,335120,481.735,2219.79402699305,88791.761079722,0.234091417816655
"354",NA,"UNION CITY","2018-Q2",980000,"2018-04-01",4066.12042600427,784000,1127,5193.12042600427,207724.817040171,0.165122480056978
"355",NA,"UPLAND","2018-Q2",570000,"2018-04-01",2364.9884110433,456000,655.5,3020.4884110433,120819.536441732,0.25164438371607
"356",NA,"VACAVILLE","2018-Q2",450000,"2018-04-01",1867.09611398155,360000,517.5,2384.59611398155,95383.8445592621,0.420133680882799
"357",NA,"VALLEJO","2018-Q2",411000,"2018-04-01",1705.28111743648,328800,472.65,2177.93111743648,87117.2446974594,0.351821321953745
"358",NA,"VALLEY CENTER","2018-Q2",662500,"2018-04-01",2748.7803900284,530000,761.875,3510.6553900284,140426.215601136,0.277222277010338
"359",NA,"VALLEY SPRINGS","2018-Q2",340000,"2018-04-01",1410.69484167495,272000,391,1801.69484167495,72067.793666998,0.460540083303047
"360",NA,"VICTORVILLE","2018-Q2",250000,"2018-04-01",1037.27561887864,2e+05,287.5,1324.77561887864,52991.0247551456,0.473119068236309
"361",NA,"VISALIA","2018-Q2",254795,"2018-04-01",1057.17056524873,203836,293.01425,1350.18481524873,54007.3926099493,0.526684970762193
"362",NA,"VISTA","2018-Q2",535000,"2018-04-01",2219.76982440029,428000,615.25,2835.01982440029,113400.792976012,0.206406141212418
"363",NA,"WALNUT","2018-Q2",811888,"2018-04-01",3368.60651064056,649510.4,933.6712,4302.27771064056,172091.108425623,0.257533783047332
"364",NA,"WALNUT CREEK","2018-Q2",787000,"2018-04-01",3265.34364822996,629600,905.05,4170.39364822996,166815.745929198,0.292018318534984
"365",NA,"WATSONVILLE","2018-Q2",570000,"2018-04-01",2364.9884110433,456000,655.5,3020.4884110433,120819.536441732,0.11355159808722
"366",NA,"WEST COVINA","2018-Q2",560000,"2018-04-01",2323.49738628815,448000,644,2967.49738628815,118699.895451526,0.275746907786525
"367",NA,"WEST SACRAMENTO","2018-Q2",388565,"2018-04-01",1612.19600339832,310852,446.84975,2059.04575339831,82361.8301359326,0.386828302297798
"368",NA,"WESTLAKE VILLAGE","2018-Q2",993900,"2018-04-01",4123.79295041392,795120,1142.985,5266.77795041392,210671.118016557,0.28727989678851
"369",NA,"WESTMINSTER","2018-Q2",675000,"2018-04-01",2800.64417097233,540000,776.25,3576.89417097233,143075.766838893,0.157939151951447
"370",NA,"WHITTIER","2018-Q2",529070,"2018-04-01",2195.16564672049,423256,608.4305,2803.59614672049,112143.84586882,0.324693447020618
"371",NA,"WILDOMAR","2018-Q2",402750,"2018-04-01",1671.05102201349,322200,463.1625,2134.21352201349,85368.5408805396,0.424399265350702
"372",NA,"WINCHESTER","2018-Q2",423000,"2018-04-01",1755.07034714266,338400,486.45,2241.52034714266,89660.8138857063,0.396170513029013
"373",NA,"WINDSOR","2018-Q2",689500,"2018-04-01",2860.80615686729,551600,792.925,3653.73115686729,146149.246274692,0.273731708500587
"374",NA,"WOODLAND","2018-Q2",419000,"2018-04-01",1738.4739372406,335200,481.85,2220.3239372406,88812.957489624,0.355137076470984
"375",NA,"WRIGHTWOOD","2018-Q2",332500,"2018-04-01",1379.57657310859,266000,382.375,1761.95157310859,70478.0629243436,0.437179029199089
"376",NA,"YORBA LINDA","2018-Q2",835000,"2018-04-01",3464.50056705466,668000,960.25,4424.75056705466,176990.022682186,0.336784649823696
"377",NA,"YUBA CITY","2018-Q2",3e+05,"2018-04-01",1244.73074265437,240000,345,1589.73074265437,63589.2297061747,0.434133158954187
"378",NA,"YUCAIPA","2018-Q2",377000,"2018-04-01",1564.21163326899,301600,433.55,1997.76163326899,79910.4653307596,0.383679756119741
"379",NA,"YUCCA VALLEY","2018-Q2",210000,"2018-04-01",871.311519858058,168000,241.5,1112.81151985806,44512.4607943223,0.476294595080905
